,ABT,IBM,ORCL,INTC,MO,NVS,PFE,TMUS,KO,XOM
2593,89.42577,124.523346,53.067318,62.24866,40.56118,85.70116,33.765358,100.23905,47.475273,48.83318
2594,89.01112,126.453926,53.44615,63.249706,41.36263,85.78049,34.003513,99.512886,48.312534,51.088505
2595,90.80556,129.01569,54.636295,63.217903,42.1204,85.55792,34.19759,102.16231,49.20238,53.041115
2596,90.70039,127.469246,54.49978,63.235363,42.056602,87.70082,34.238705,102.52409,49.301662,53.055336
2597,90.643684,125.588104,54.035477,63.104706,42.05064,87.81852,34.157677,103.00468,48.86522,51.16573
2598,89.1122,117.15999,51.95197,60.786213,40.154953,85.85707,32.990963,101.82217,47.180714,48.260017
2599,88.37224,117.44116,51.63355,59.614586,39.569828,84.94919,32.05587,101.396194,46.13351,47.22803
2600,89.23985,117.15062,52.508945,59.46603,39.72375,84.976105,31.579681,101.76567,46.170315,47.68811
2601,89.82723,120.237045,53.977295,59.352524,40.63973,86.010315,31.52752,102.45258,46.431786,48.384636
2602,90.08661,120.213104,52.561047,59.882427,40.936275,88.167725,31.886318,102.723045,46.63755,48.268356
2603,90.88326,120.51086,52.782276,59.7694,41.44237,89.275505,31.153915,104.086334,46.6273,47.64374
2604,90.45318,118.051216,53.77404,59.402554,40.69202,90.60594,31.695017,105.0186,45.947002,46.666843
2605,90.47819,116.657036,54.969193,58.99884,40.267982,90.846016,31.603348,105.52711,45.64998,46.73986
2606,89.70975,114.73923,54.95202,58.891224,40.21216,90.32097,31.333214,106.10673,45.71365,46.86449
2607,88.901695,112.72858,54.510487,58.80032,39.811184,89.71974,30.842768,106.99828,45.30776,45.315212
2608,88.309044,114.62906,54.492695,58.686707,39.826393,89.79712,30.555197,108.44482,45.10278,45.725067
2609,89.031166,113.365005,54.268597,57.580994,38.96179,88.33469,30.152924,107.106285,44.441616,44.873962
2610,88.56356,114.57757,54.812416,57.95971,38.938423,87.76249,30.584667,106.45505,44.35978,45.337704
2611,89.56182,115.447556,55.087414,58.355274,39.1311,86.977905,30.728704,104.002075,44.387905,45.668026
2612,90.32019,115.299736,54.806683,58.588066,39.196945,87.40268,31.912424,104.50921,44.47499,44.865047
2613,91.09035,115.41594,55.70052,59.111187,39.48637,87.2031,32.41394,104.245155,44.40274,45.249054
2614,91.98569,115.791626,56.22773,59.202957,39.49218,88.01196,32.43292,105.02756,44.813423,45.324257
2615,92.49391,114.36777,56.35003,58.56518,39.73822,88.31297,32.382263,104.97343,45.333656,44.30686
2616,92.297585,113.85269,56.81952,58.447033,39.76797,88.72978,31.807064,105.36199,45.50951,43.811184
2617,92.60617,113.404945,57.086555,58.086456,39.14379,87.936226,31.781532,105.920944,44.587517,42.325073
2618,92.55355,113.621414,57.17869,58.829357,39.797245,87.16296,32.051678,106.594635,44.72121,42.749332
2619,92.41139,115.127655,57.178913,58.77145,40.05863,86.32566,32.649082,104.95991,45.022083,43.078598
2620,93.05749,116.26597,57.2926,59.050907,40.709843,86.637505,33.433598,105.304794,45.643238,44.03252
2621,95.27566,119.144745,56.874638,59.26058,40.896137,87.41586,33.80269,104.10421,46.039165,44.745495
2622,95.40075,119.81537,56.33034,59.214294,41.44134,87.2153,33.613747,104.762924,46.269485,45.031647
2623,96.72882,120.51838,54.828773,59.166176,41.25446,88.1029,33.756706,104.43355,46.447704,44.211163
2624,98.378784,120.85519,55.0405,60.474762,40.917435,88.05555,34.219982,105.9502,46.31624,43.730934
2625,97.40946,120.71401,55.59296,60.626514,41.0479,86.82271,34.62371,105.25726,46.771297,44.176113
2626,98.555756,122.45796,55.69423,60.84878,41.14599,86.86356,35.84336,104.71162,47.665077,44.105827
2627,99.40303,122.95988,55.784664,60.694336,41.415287,85.57191,35.89777,105.01899,48.02953,44.41299
2628,98.76911,121.43197,55.511086,54.913982,41.750378,84.78128,36.042515,105.395004,48.33852,44.360264
2629,98.5486,121.77678,55.165577,51.91194,42.055393,84.69809,35.951748,104.95358,48.324917,44.538185
2630,99.24612,120.68127,55.396038,49.37011,42.238358,83.76078,36.407677,105.20508,48.382416,44.47204
2631,100.188545,120.73515,55.487972,47.79688,41.8102,84.42089,36.94854,105.491516,48.299778,44.54613
2632,100.798706,119.3206,55.360058,47.526493,41.74272,84.14694,37.05937,105.712494,47.793594,43.51993
2633,99.954445,118.68053,55.425434,47.79666,41.18188,83.07307,36.691803,106.932106,47.720085,43.205208
2634,99.230934,119.260544,55.686146,47.690018,41.258034,83.53869,36.23755,107.086525,47.000385,42.803413
2635,99.31189,120.64293,55.923893,47.65132,41.175552,84.134384,36.166508,108.83583,46.881306,43.908848
2636,100.232124,120.994156,55.561832,47.843884,41.631054,83.52775,36.457634,108.04977,46.749866,44.124462
2637,100.70002,120.84285,55.126865,48.282555,41.5716,83.76264,36.75669,108.48338,46.917053,44.57148
2638,99.988304,120.42272,55.137756,48.204227,41.956688,83.006065,36.501423,111.378555,47.357586,44.207886
2639,99.68825,121.59814,54.98847,48.55077,42.543854,82.80234,36.572853,114.361015,47.44391,44.847942
2640,98.38218,121.59158,54.49795,48.57099,43.20836,82.43045,35.80115,113.99824,47.678387,45.296978
2641,98.96083,121.58803,54.34347,48.542587,43.204983,83.885895,35.855522,115.12836,48.24548,45.125175
2642,99.683105,120.7014,54.012577,48.76561,42.823086,84.89698,36.077377,114.786385,48.31633,44.225433
2643,99.08574,120.354164,54.090515,49.08188,42.482307,85.065445,36.186462,115.50421,48.328518,44.021183
2644,98.900055,120.05706,54.072403,48.526314,42.86325,85.74544,36.315414,115.86243,48.14971,43.73565
2645,99.53985,120.03787,54.797836,49.132923,42.959995,85.90635,36.25337,116.15286,48.418716,43.670223
2646,99.25468,119.92122,55.773712,48.96465,43.67312,85.5935,36.177807,114.65608,47.87636,43.300636
2647,99.72248,119.36807,55.660458,48.727768,43.525116,86.683,36.196777,114.15917,47.489468,42.778908
2648,100.25372,119.224434,55.281372,49.278362,43.595158,86.36879,36.468616,114.70419,47.400726,42.402035
2649,100.26722,120.56463,55.603294,49.485374,43.720184,86.66882,36.617393,114.3044,47.415947,42.871628
2650,100.71257,120.30699,56.02803,49.95467,43.60666,86.63714,36.704853,114.27859,47.653694,42.503838
2651,101.65155,120.192,57.002117,50.147026,43.534664,86.732086,36.35582,114.623955,47.99257,41.44421
2652,105.80774,120.37033,57.142315,50.18268,43.583405,86.96453,35.842754,114.37106,48.01824,41.26418
2653,108.63656,120.4007,57.63347,49.90768,43.77371,86.76391,35.50856,115.238235,48.786934,41.37037
2654,107.67623,119.292725,57.28487,50.9106,43.875233,86.35202,35.652184,115.33823,49.149143,41.456234
2655,105.84493,119.31528,57.597977,50.91902,43.49295,87.063034,35.506737,115.549355,49.30473,41.24506
2656,106.84535,122.30658,58.463135,51.26067,43.644096,88.13706,35.34105,116.91654,50.290516,40.834423
2657,105.75873,120.76924,57.4795,50.947235,43.39653,87.534195,34.73905,114.90343,50.590603,40.476234
2658,103.29084,118.889435,56.20927,50.65304,43.57163,87.05594,34.20582,114.336716,50.87631,40.66332
2659,101.372955,117.82618,55.375153,49.569614,43.159813,87.26877,34.16416,112.538506,50.313786,40.06662
2660,103.39511,117.69122,56.30076,49.588875,43.599182,87.689095,34.175217,111.97751,50.289825,39.628315
2661,103.35747,117.30144,57.101524,49.00828,43.445324,88.42883,33.880733,111.326126,50.020348,38.746586
2662,103.03912,118.02977,57.055714,49.238598,43.59982,89.35909,33.93146,110.74521,50.435997,38.61917
2663,103.37364,117.94526,58.329273,49.396473,43.280617,89.74839,34.441875,111.13849,50.5504,38.470688
2664,104.99242,118.07591,60.10149,49.771168,43.064777,90.94066,34.669144,112.53159,50.82974,38.207344
2665,105.02127,120.02106,60.862934,49.79323,42.343185,90.13304,34.863285,113.62648,50.676975,38.598125
2666,105.335846,120.31317,60.496025,50.24091,41.55598,90.720535,34.771748,113.90646,50.56268,38.899544
2667,105.07369,118.934326,59.94067,50.16404,40.583008,91.040764,34.690315,111.954384,50.24346,38.8221
2668,105.30625,117.04231,60.400467,49.808266,39.668385,90.29169,34.302032,111.76307,49.966553,38.432133
2669,103.19784,117.120895,60.626186,50.011436,38.934967,89.38736,34.304413,111.74794,49.735504,37.370193
2670,101.55486,115.17066,59.871086,49.154408,38.51686,88.12715,34.04079,111.07582,48.80407,36.561707
2671,99.82552,115.04743,59.07474,49.221066,38.56025,87.19892,33.918835,110.7182,48.65036,36.3176
2672,101.594154,115.62717,59.46734,49.575817,38.5809,86.88656,34.052113,111.18588,48.75763,36.481953
2673,101.795845,117.17959,59.61528,50.450554,38.77787,86.69332,34.311836,112.77575,48.829998,36.722073
2674,102.70935,117.20682,59.312824,50.86982,38.746315,87.135574,34.2572,113.93494,48.438766,36.393482
2675,104.63386,117.83978,59.366047,51.687794,38.776577,87.098305,34.370773,114.58018,48.842068,36.192455
2676,107.14163,117.35921,59.542683,51.998753,38.857445,87.37097,34.42382,115.580025,48.987564,35.56656
2677,105.09847,116.857605,59.33126,51.36305,38.987022,87.66035,34.30539,114.9296,49.2564,34.94805
2678,106.17755,118.08624,59.36266,51.485535,39.432354,87.88055,34.612324,115.355225,49.234314,35.068386
2679,105.71819,117.6617,59.447063,51.452408,39.586407,87.0837,34.47168,114.59643,49.063217,35.147903
2680,106.20002,118.92219,60.32457,52.07504,40.210464,86.53691,34.448135,113.754364,49.096474,35.29693
2681,106.58898,124.50146,60.68651,52.896713,40.290825,87.02405,34.637585,115.19358,50.018795,36.122837
2682,107.55301,123.918274,61.237957,52.9832,40.614132,87.80416,34.830444,115.61653,50.347103,36.17651
2683,107.99715,122.6078,61.28182,53.613255,40.465363,88.07319,34.92396,118.76234,50.752663,36.223755
2684,107.328636,121.31903,61.0684,53.689415,39.94786,87.51511,34.778347,120.362915,50.467205,36.073368
2685,105.79589,121.040375,61.07821,53.54078,39.689857,87.674965,34.796276,119.25655,50.31726,35.68687
2686,105.6089,120.39746,60.224667,53.633488,39.713085,86.5623,34.57291,117.25226,50.15696,35.716114
2687,106.99049,121.46055,60.153397,53.894016,39.683075,86.373276,35.236736,115.773636,50.177425,35.820415
2688,107.42629,121.321335,59.849007,54.248447,39.56081,85.84712,35.667698,114.216324,49.982075,35.3703
2689,106.158745,115.58903,59.616974,53.88357,39.065586,85.99306,35.623783,113.00472,50.03642,35.340237
2690,105.14194,112.900604,59.76095,53.57795,38.73884,84.6763,35.32842,111.96099,49.947536,34.993706
2691,106.46738,112.55097,59.634777,53.76479,38.793343,84.56818,35.22479,111.2948,50.28789,35.652054
2692,106.60216,111.954575,59.741314,50.671658,38.971935,84.22671,35.6046,111.425545,50.482346,35.846104
2693,106.733185,109.87199,58.29207,48.493706,38.73785,84.491425,35.937134,112.03081,50.1011,35.197857
2694,107.168,108.8479,57.302124,46.613995,37.908306,82.21111,35.75683,112.275475,50.013813,34.791607
2695,105.868706,104.162025,55.999077,44.523445,37.13283,80.049835,34.42298,110.75964,48.93263,33.96057
2696,104.08889,104.62356,55.965897,43.93671,36.833076,79.00859,33.725964,110.56128,48.58693,34.372864
2697,103.24053,107.342224,55.932648,44.04895,36.53828,78.267365,33.459637,109.67834,48.256584,34.50845
2698,103.995895,108.23736,56.025482,44.086174,36.66399,78.86508,33.961613,110.08732,48.297142,34.984184
2699,106.359245,109.480865,56.542442,44.331257,37.213955,79.9846,34.207264,110.437195,48.5163,35.074596
2700,108.136826,108.76883,56.4334,44.841946,37.627476,82.219986,34.72991,113.047195,48.796906,35.165314
2701,110.22494,110.27444,56.527878,45.28733,37.61006,83.70804,34.44636,115.51521,49.06313,34.758038
2702,111.79967,109.495674,56.701187,45.24858,37.409714,84.67915,34.360394,119.48869,49.291946,34.715202
2703,109.400536,111.74822,56.610207,45.36135,37.738174,84.534225,35.792862,122.483406,50.722412,36.13535
2704,107.79677,112.861786,56.659737,45.58653,38.824024,84.70657,36.33449,123.07254,52.519226,37.022285
2705,109.58802,113.08901,56.998234,45.676334,39.440556,85.56115,36.64243,124.42081,53.254833,37.297672
2706,109.81406,111.860504,56.800407,45.47038,39.662132,85.43985,36.04061,125.638275,53.413593,36.748432
2707,110.399445,113.366516,56.91157,45.685806,39.992424,85.71952,36.189354,126.98565,53.452118,36.637005
2708,110.29776,114.41577,57.114357,45.750713,40.72231,86.26838,35.67738,127.745255,53.73524,37.690266
2709,110.7828,114.69073,57.074326,45.77834,40.91868,86.269936,35.956657,127.93983,53.940685,38.466263
2710,108.68463,113.67009,56.593174,45.622227,40.652557,85.95317,36.32668,127.52165,53.323296,38.301712
2711,108.54786,113.227905,56.556786,45.618423,40.32752,86.89283,36.096603,128.44511,53.229153,38.017265
2712,108.85113,113.585884,56.04704,45.508125,39.928104,87.722984,36.518776,129.11731,52.896347,37.58526
2713,108.58408,116.01894,56.302635,45.842915,40.02552,87.88341,36.55108,127.59235,52.85395,38.840588
2714,106.88653,119.10889,56.93983,46.58564,40.708923,88.210945,36.35473,127.12693,52.82535,40.61591
2715,105.25597,118.90638,57.45446,47.168747,40.591946,88.640175,36.12301,127.000114,52.520817,40.752914
2716,104.915215,119.35883,57.72661,47.72073,40.44247,89.29877,37.27291,128.13455,52.510036,40.304955
2717,106.23737,118.88976,57.72955,47.771515,39.96104,90.05027,37.813274,130.41623,51.975815,39.2983
2718,106.52567,118.40131,58.621227,48.990776,40.25249,90.66521,39.050716,130.51016,52.271126,39.149067
2719,106.09099,119.38125,59.011765,49.48332,40.066826,91.50249,39.97,131.19272,52.54785,39.791355
2720,106.48923,119.34948,59.096947,50.19109,40.26996,91.20986,40.1658,129.92421,52.418167,40.190117
2721,106.302475,121.08058,59.660236,51.341206,40.850002,91.359116,40.35451,129.97496,52.80688,41.15519
2722,105.19627,119.996216,59.582993,50.77883,41.301903,91.58888,41.228786,130.53966,52.95204,41.55086
2723,104.24455,121.045685,59.269276,50.783257,41.76547,91.37827,42.57472,130.37265,53.422028,42.04616
2724,104.3479,121.783745,59.52395,50.45609,42.454304,91.477196,42.443783,128.94124,53.405453,42.447426
2725,104.21457,120.74553,59.272552,50.17598,42.713066,91.88426,42.220142,128.04039,52.84017,43.20947
2726,104.76539,120.05319,60.047157,49.87646,43.034855,92.29938,41.5082,127.868866,53.10576,43.334362
2727,104.86852,119.29676,60.406418,50.36157,42.914722,91.60505,40.523598,127.888466,53.22821,42.898415
2728,105.067924,119.95721,61.388943,50.523613,42.45895,90.44528,39.988194,127.38711,53.686874,43.03286
2729,105.377495,121.01212,62.33109,50.758396,42.763775,91.02011,39.155,128.31227,53.19956,43.318703
2730,105.980705,121.20198,63.356754,50.766975,43.036022,91.52425,38.395878,128.2024,53.16442,43.87847
2731,107.15809,120.731995,64.47648,49.046993,43.498768,91.09592,37.56823,129.44485,53.44112,43.34431
2732,106.82111,119.26297,64.58162,47.64755,43.313557,89.83284,37.730236,129.76271,52.945763,42.95935
2733,106.63214,118.85616,64.965355,46.512753,42.889626,88.50723,36.935276,130.67265,53.09824,42.22898
2734,106.08157,119.21532,65.19329,46.165756,42.78016,88.69542,37.178314,131.27449,53.293213,42.185272
2735,106.38944,119.79752,65.22075,46.352043,42.142475,88.22912,37.23753,131.59496,53.42886,42.377983
2736,106.61596,120.2114,64.78407,47.042786,41.856487,89.96487,37.268166,132.76794,54.01505,42.25262
2737,106.57321,119.613846,64.21898,48.239395,41.162457,92.13165,36.924877,132.52927,53.9945,41.945488
2738,106.85872,119.17851,64.089325,48.339428,40.8021,93.82985,36.589382,132.86473,54.218582,42.2333
2739,107.331055,120.73462,64.068565,49.1666,40.92244,94.431305,36.50242,133.71956,54.66739,41.990555
2740,107.6166,119.927505,63.707233,49.431618,40.99128,94.335205,36.29963,132.80795,53.982883,42.392
2741,108.235435,121.36393,62.861282,50.017807,40.85319,94.9367,37.00025,132.11143,53.1395,43.27347
2742,108.57062,123.34292,62.162304,50.506474,41.22793,94.1396,37.033566,130.78772,51.601257,44.290054
2743,109.30095,123.808754,62.51129,51.564827,41.479984,93.47932,37.170937,132.13826,50.910896,45.07123
2744,109.77521,123.620415,62.75988,51.67857,41.545506,93.9656,36.90733,133.17465,50.717926,45.581768
2745,109.59798,123.49276,62.84445,51.854145,41.501408,93.97903,36.860287,133.46126,50.25001,46.260643
2746,108.10137,124.02506,62.217392,52.66911,41.20242,93.88878,36.951313,131.38257,50.064682,47.024338
2747,109.0079,122.51848,61.852943,54.642906,41.110237,93.11125,37.00144,129.2419,49.759174,47.889484
2748,108.99087,123.64133,61.37551,57.549255,41.17658,94.176796,37.09079,127.02925,49.23825,49.337334
2749,108.877495,123.72792,61.328747,58.08871,41.322876,95.348274,36.783123,126.63788,48.865665,48.303074
2750,110.01352,123.86615,61.04505,58.679546,41.414593,96.375244,36.830475,128.17015,48.792774,48.5646
2751,110.79419,124.984695,60.92586,58.402573,41.766945,97.04027,36.475803,130.01222,48.94969,48.929443
2752,110.72199,126.02949,60.920483,60.28353,41.94696,96.99865,36.46337,129.96373,48.874023,48.53563
2753,110.879814,116.94947,60.40956,58.550007,41.941772,97.03223,36.287083,130.65459,48.839443,48.093525
2754,111.65412,114.76565,60.418293,57.686142,41.87909,97.588295,36.88507,131.16367,48.93553,47.3599
2755,112.7794,116.79677,61.268642,56.27919,42.139584,96.42108,37.350925,131.46739,48.96333,46.613914
2756,112.23616,116.88387,62.06747,54.245995,41.934177,94.4824,36.749405,127.93841,48.837887,46.253193
2757,115.650116,115.88428,61.585293,54.604015,42.49393,93.4979,36.146126,126.97051,48.983307,46.52963
2758,119.15867,115.14431,60.89679,55.04973,41.633644,91.47314,35.79712,126.41581,48.814426,45.774765
2759,120.206406,114.79501,61.262917,55.902317,41.256763,90.0721,35.726315,127.08144,48.942455,45.639133
2760,118.18403,113.92471,62.27551,56.844795,41.23025,89.5138,35.485672,129.64673,49.03252,46.041687
2761,117.28787,114.74903,62.383522,57.06476,41.666546,89.22298,35.137543,129.83849,48.869286,47.211945
2762,117.19664,114.71795,62.890976,57.878597,42.28398,90.057884,34.62808,130.07924,48.902325,48.2137
2763,119.83516,115.78968,63.403797,57.846085,42.372265,90.32544,34.7093,128.15817,49.49919,49.499233
2764,120.67583,118.20609,63.490192,58.033752,42.716156,90.64887,34.851078,127.98139,49.95183,51.066933
2765,121.45077,117.1512,63.732708,58.626987,43.001793,91.58138,34.861694,126.95596,49.945034,51.02879
2766,121.89467,116.07068,63.396564,58.548225,43.274155,91.33512,34.68591,125.4343,50.214066,51.152893
2767,123.35405,116.46997,62.757378,59.631676,43.41928,91.88761,34.334084,125.353775,50.564365,50.555267
2768,123.99415,116.70253,62.79685,60.787674,43.444435,92.009,34.4798,123.90791,50.675713,50.3593
2769,124.98968,114.88885,62.345737,60.91332,43.439007,91.47623,34.52182,123.01607,50.77128,51.559444
2770,124.43194,115.58089,62.26907,61.700485,43.539413,90.74922,34.865368,122.52848,50.686207,52.55241
2771,123.50519,116.06435,61.908974,61.859272,43.63075,89.59168,34.646408,122.74861,50.84929,52.273083
2772,120.77668,115.31411,61.3,62.009655,43.687157,88.83066,34.41105,123.536446,50.693287,52.441223
2773,119.80032,115.99475,63.06267,61.263763,44.22743,88.22389,34.227146,119.508156,50.662342,53.25953
2774,117.835526,115.955605,63.819405,60.849144,44.162975,87.16804,34.177322,120.851685,50.784184,54.026752
2775,117.67758,116.82192,64.717026,62.313705,44.71116,87.52566,33.882248,119.73212,50.911537,55.794693
2776,118.46285,117.98094,64.97285,61.30586,44.728634,86.7609,33.600536,120.21635,50.674683,55.584244
2777,117.72766,116.08624,64.48656,61.202732,44.070087,86.35813,33.45352,120.85621,49.83745,54.64538
2778,118.1253,115.28866,65.58141,61.704514,44.29392,86.869225,33.656544,122.3473,49.760807,55.730938
2779,119.25183,114.87486,66.07607,61.183525,44.579174,87.630844,33.69138,123.47271,50.08377,55.972946
2780,116.42184,116.77424,66.58838,60.461857,44.876076,87.66487,33.889103,122.07754,50.08812,56.674397
2781,113.77091,115.159454,65.94289,58.641716,44.589214,85.40132,34.04546,121.10072,49.879524,58.05713
2782,113.40015,117.296455,68.23588,59.37904,44.92589,84.39499,34.100636,124.2548,50.451298,59.814365
2783,113.449036,119.17303,71.198524,58.951153,45.99127,83.95507,34.37892,124.93533,51.21626,60.660603
2784,112.831665,119.69241,72.69072,60.43952,46.911655,83.66202,34.364822,126.86191,51.10813,60.474476
2785,112.55806,121.62672,71.941734,61.662445,47.89993,83.42626,34.54902,127.19956,51.205627,61.084938
2786,112.72483,122.00091,68.67612,62.421944,47.85859,84.45214,34.614735,127.063934,51.21732,60.7609
2787,113.430435,122.18287,67.38898,62.363354,48.319954,84.37776,34.811905,127.75972,50.94524,61.620945
2788,114.05854,123.13133,67.09823,63.214977,49.15898,85.09902,35.184536,127.72183,51.141556,61.36903
2789,114.24428,123.27154,67.22546,63.418346,49.471924,85.55718,35.51603,128.59863,51.196884,60.278294
2790,114.11862,123.39848,66.0834,64.59553,49.92005,85.884125,35.60902,127.14264,51.367138,59.670887
2791,114.52596,125.00558,65.5796,64.345505,50.35406,85.720146,35.739056,126.21904,50.977356,58.420162
2792,115.87981,124.23909,66.40219,63.876884,50.549362,85.83989,35.483063,124.96775,50.805183,57.656155
2793,117.04979,124.80166,65.96931,64.65386,51.19095,86.38524,35.713657,125.49983,51.023945,56.947536
2794,117.61109,124.985,66.46065,63.654675,51.03963,86.16924,35.56204,124.45203,51.454174,56.075706
2795,115.78,125.40591,66.42728,62.873283,50.172447,85.98683,35.586464,123.3299,51.714718,56.34421
2796,115.2801,127.00954,67.149704,62.105984,50.076157,86.6902,35.60149,122.8362,51.783054,56.620945
2797,117.803696,129.26335,69.245026,63.604736,51.43402,87.20811,35.765503,122.4373,52.53615,57.782078
2798,119.41114,129.88918,71.03587,63.492577,52.111664,87.561,36.306698,122.71759,53.771927,57.493046
2799,117.483116,128.78075,70.78738,63.741024,51.915447,87.468475,36.232132,124.14164,53.558815,57.25221
2800,116.686134,128.08475,69.89245,63.988564,51.383762,86.58567,36.243958,123.95359,53.27696,56.869713
2801,116.19308,127.69211,71.077835,63.756413,51.14647,86.08656,36.166172,124.88688,53.10676,57.5995
2802,116.93387,128.99374,72.86703,64.75365,51.122246,86.76085,36.087383,127.79482,53.22214,57.281757
2803,116.89148,128.71509,74.26492,65.48149,51.347725,86.39455,36.045635,130.30635,53.506725,57.094387
2804,117.35097,129.08563,74.663185,65.801,51.444736,86.37364,35.981667,130.0693,53.652412,57.205124
2805,117.16924,129.0568,74.574776,66.381836,51.39201,86.91733,35.895985,130.03699,53.488285,56.748512
2806,118.23576,129.71196,75.533005,67.15603,51.481995,87.29912,36.207787,129.48816,53.14661,56.497993
2807,117.99832,129.06532,76.16563,65.73027,51.634083,87.48583,36.5278,129.66179,53.310123,56.026142
2808,119.13825,126.48128,76.4834,65.36451,51.36711,86.68983,36.883358,129.21054,53.46329,55.945015
2809,118.67296,126.61077,77.162865,64.405655,51.56016,87.28607,37.100273,128.81645,53.413837,57.140553
2810,119.70382,127.01124,78.33191,64.19032,51.598892,87.23515,37.140125,129.90968,53.572544,57.02427
2811,120.71306,127.6341,79.17701,63.94336,52.13339,87.57613,37.818275,131.00624,53.743793,57.05474
2812,121.41443,127.529564,79.368576,63.896683,50.29867,88.12978,38.347874,131.74019,54.163044,57.074356
2813,118.59555,131.1092,79.05945,63.177036,48.43102,88.06704,38.91062,131.04227,54.535275,56.021496
2814,117.773315,135.08044,76.89442,62.812954,47.469738,88.41618,39.326794,131.47609,54.618156,56.398273
2815,119.124146,135.43742,75.09294,62.156593,46.834885,88.45939,38.87818,130.86848,54.556786,56.108215
2816,120.1135,135.58096,74.08386,60.350014,47.322838,88.42171,38.75484,131.89276,54.721382,56.229755
2817,119.35132,134.95593,73.852776,59.418304,47.09538,88.24394,38.748993,132.43805,54.61945,56.342773
2818,118.882065,135.39185,74.307594,58.089237,47.25198,87.343994,38.536816,132.02277,54.288116,56.561546
2819,118.00986,136.27396,73.63349,56.991127,47.276474,87.14126,38.588844,131.21562,53.970654,57.685783
2820,118.20218,137.23122,74.37129,57.01393,46.609463,86.375465,38.475414,132.05533,54.0739,58.963215
2821,117.124374,135.6489,74.797356,57.35327,47.358288,85.55032,38.514015,131.81909,54.072777,58.009705
2822,116.78162,138.12184,75.96087,56.94721,47.907036,86.15974,39.277767,131.08873,54.327915,58.74991
2823,115.431076,139.40593,77.35654,56.322514,48.10657,85.84425,39.63949,129.08087,54.27278,59.111504
2824,115.721756,139.10776,78.236885,56.247726,48.325066,86.25767,39.91323,130.44089,54.090816,60.52641
2825,115.4072,140.87888,78.75726,56.615715,49.18574,87.08185,39.51783,133.94211,54.38677,61.565815
2826,115.81424,139.65181,79.84673,56.827377,49.507977,87.72224,39.392017,136.40033,54.688557,62.39548
2827,115.78054,139.54561,79.95314,56.462635,50.320557,88.07377,39.721756,135.8162,54.960938,62.472755
2828,115.59726,137.5741,78.04968,55.67373,50.525105,87.73613,39.325005,136.28899,54.755257,61.96162
2829,113.87465,135.79166,76.73392,54.437405,49.888027,87.73353,39.622234,136.26904,54.491077,60.91901
2830,114.544876,136.64787,77.09019,54.248768,49.950874,88.192276,39.850216,137.47604,54.569542,60.11543
2831,114.66748,137.91968,78.24072,54.576756,49.731186,88.57768,39.913055,139.32811,54.738617,60.71734
2832,114.08025,138.6181,79.11441,54.865166,50.22358,88.7116,40.16721,139.4242,54.744995,61.778366
2833,113.0611,137.42146,78.52613,55.59226,50.278904,88.736916,39.96744,135.85855,54.56868,61.601738
2834,113.59188,136.61778,78.6025,55.628128,49.49524,88.18392,39.605125,134.5379,54.44189,60.28143
2835,113.97963,137.03186,78.65273,55.640186,49.744,88.15856,39.894245,134.80475,54.73363,59.426605
2836,114.42921,137.64294,78.90799,55.86576,49.732616,88.098755,39.81774,134.71638,54.646862,59.333035
2837,113.87144,137.04214,79.3802,56.550026,50.195953,88.22968,39.92643,135.23897,54.77059,59.886116
2838,114.82871,137.26169,78.90756,57.15352,49.758553,88.44514,39.510933,135.45222,54.77299,59.591278
2839,114.592606,136.74402,79.299095,57.624973,49.49066,89.009895,39.027004,137.05325,55.06794,59.618015
2840,113.59123,137.28642,79.08931,57.70061,48.977657,88.64587,38.74629,138.89572,55.5561,58.936867
2841,113.49243,137.60602,78.72576,57.47816,48.94829,88.65368,38.478672,140.63777,55.71933,59.321617
2842,107.66126,137.56792,78.77948,57.36524,49.316895,88.25533,38.502533,140.78957,55.69078,60.291634
2843,104.538704,138.79572,79.30694,57.294125,49.516308,88.74105,38.586987,140.31966,55.68633,61.212883
2844,106.41833,139.15994,80.14434,56.767365,49.87716,89.17782,38.393585,139.98898,55.78067,61.442204
2845,107.16941,140.3935,81.73532,57.224796,49.70536,89.556145,38.637196,142.66255,56.35991,61.899635
2846,107.639015,141.01134,83.2884,57.02685,50.259785,89.918495,38.858273,142.50372,56.499672,61.85789
2847,106.732376,142.20404,84.13091,57.096497,50.131855,89.81035,38.857433,143.39801,56.314014,62.141174
2848,106.45905,143.37994,84.13754,56.931526,50.020073,91.16414,39.357857,143.9051,55.84697,62.499382
2849,108.15368,143.70602,82.74308,57.07329,50.268208,92.76461,39.808704,145.02368,56.00091,62.98757
2850,108.285545,144.4418,82.58561,57.612938,49.979107,92.775246,39.945496,143.6307,56.45315,62.931572
2851,108.46726,143.46912,82.63043,58.01555,48.894314,93.702324,39.83882,143.67245,56.180004,63.01112
2852,108.27762,143.38234,82.135735,57.895763,48.368332,94.02271,39.529324,144.1548,55.935844,63.824436
2853,108.66066,142.0105,78.4325,57.678104,47.829056,93.9866,39.29016,144.09753,55.251247,64.34671
2854,108.71214,139.62823,77.10673,57.1884,47.261276,94.05274,39.313713,144.26587,55.165474,63.460552
2855,107.935905,137.58308,76.11085,56.07122,46.760258,93.26127,39.09862,143.98659,54.617966,61.660038
2856,108.344536,139.42659,77.31753,55.987583,47.110134,93.93513,39.14292,143.39339,54.44749,62.30241
2857,108.96172,139.86151,77.68909,55.43433,47.119442,93.46475,39.05239,143.92421,54.45244,63.16335
2858,108.29232,139.19604,77.92367,55.320766,47.282288,92.73558,38.894974,143.77252,54.335365,64.67454
2859,109.847435,139.15308,77.38882,55.69292,47.386513,92.67673,39.0855,144.6457,54.422157,65.25473
2860,110.577805,139.77646,78.02609,55.58397,47.593555,92.62944,38.911236,144.22958,54.49609,64.90426
2861,112.26097,139.02975,78.452675,56.489784,47.43253,92.35191,38.972225,143.24434,54.298885,63.975403
2862,114.12006,139.13008,77.98137,56.548286,47.15361,92.235756,38.944748,143.70006,54.095734,63.58633
2863,114.581505,139.85315,77.413765,56.339966,47.55515,91.588264,38.77379,142.82158,54.092995,63.65463
2864,115.21958,139.78537,78.924995,56.18515,47.77613,91.85891,39.069725,143.64178,54.282772,63.840572
2865,116.81166,135.72516,80.995125,56.409157,47.805424,91.800354,39.332268,143.76044,54.429184,63.63632
2866,116.78616,133.43512,82.97483,55.96298,47.148994,91.560524,39.262962,144.63663,54.16342,63.035576
2867,117.543205,133.1838,85.3857,56.12699,46.95331,91.77591,39.35356,145.81982,54.169647,61.866688
2868,117.59178,134.08493,85.53007,55.753685,46.7026,92.23853,39.166187,146.08235,54.145523,60.946815
2869,117.222115,135.63232,87.33617,55.713387,47.037476,92.708694,39.309586,146.01329,54.571907,61.401947
2870,117.17128,135.25854,87.67633,56.21346,47.395626,92.80841,39.384933,145.61928,54.477768,61.744923
2871,116.16801,134.12451,88.09567,56.358486,47.292564,92.73946,39.11806,146.17502,54.85662,61.971775
2872,115.722534,134.24928,88.52675,56.650673,47.491577,92.72806,39.59415,147.21397,55.778732,60.833813
2873,114.87185,134.58849,87.86529,56.19083,47.258945,91.8594,39.852867,147.2773,56.42042,59.69466
2874,115.38891,133.07248,87.83546,55.442524,47.459408,91.67017,40.22365,147.97945,56.538242,58.475655
2875,116.33429,132.45773,87.800835,54.86533,47.17564,91.096886,40.177094,146.21265,56.35991,57.181152
2876,116.67414,133.84602,88.99338,54.895943,47.164604,90.49126,40.301582,144.95293,56.351616,56.815445
2877,116.67364,134.80879,89.692276,55.57723,47.17049,90.29534,40.64317,144.56042,56.716484,57.73147
2878,116.31427,134.91371,90.497185,55.924427,47.15379,90.8227,41.06618,143.74425,56.851124,57.859653
2879,117.288216,135.36732,88.21012,54.49991,47.285027,91.23237,41.36602,143.68211,57.32963,58.25094
2880,117.85199,136.16414,87.31952,54.39875,47.43992,91.17695,41.630257,143.4997,57.342094,58.555977
2881,117.38515,136.21817,86.907845,53.25842,47.719006,91.35882,41.954227,144.0724,57.458534,58.05629
2882,117.4379,136.09477,86.49461,52.800316,47.73438,91.748344,42.76858,144.41537,57.26091,58.265514
2883,117.922585,135.50687,86.29174,53.070637,48.237244,92.14742,43.011883,144.27466,57.245777,59.218582
2884,117.689255,135.22922,85.81906,53.59169,48.169117,92.18781,42.734085,144.44167,57.402332,58.616283
2885,117.61803,135.57663,86.23894,53.57871,48.0419,92.38248,43.46156,144.0271,57.306564,58.16748
2886,118.17354,137.44888,87.97396,53.807636,47.887012,92.552864,44.57918,144.33215,57.37627,58.53176
2887,118.57707,136.42879,88.43515,53.63862,47.364086,92.06359,45.270863,143.34079,56.968082,58.011375
2888,118.67365,136.91597,88.442055,53.715176,47.458763,92.019196,45.4974,142.43361,56.806747,57.986538
2889,119.10194,138.33078,87.46548,53.84091,47.34939,91.70113,45.478516,141.9062,56.693275,58.159065
2890,119.364586,135.95695,88.31896,53.962936,47.47398,91.81901,45.535126,141.75058,56.55868,57.904644
2891,119.8246,135.1103,88.861984,54.064827,48.01964,92.142334,47.24259,142.5174,56.77756,58.435303
2892,118.69354,135.73792,88.56773,53.86642,48.065083,92.44376,47.275005,143.43329,57.068634,58.794617
2893,119.08472,136.11865,89.23758,53.79303,48.107822,92.63615,47.464638,144.09494,57.032867,57.902954
2894,119.956085,136.70067,89.560135,53.498383,48.355984,93.58197,48.125324,145.08847,57.12944,57.31021
2895,121.19008,137.63058,90.32349,53.352524,48.56462,94.021805,48.80736,143.56454,57.2863,56.784286
2896,121.90151,136.53052,90.89214,53.225574,48.529247,94.85231,50.28869,141.876,57.46872,56.59264
2897,121.24181,134.1321,89.470604,52.658367,48.455334,94.085045,50.503006,140.78328,56.95454,55.713272
2898,121.60585,132.99773,88.317184,52.34353,48.430653,93.65251,49.824352,140.43216,56.968643,54.46169
2899,122.79018,133.08968,88.46985,52.111156,48.44803,93.6375,49.29571,141.42331,56.923664,53.934322
2900,122.26312,132.92293,88.69763,52.502193,48.53573,93.35166,49.76752,141.88577,56.693302,54.82388
2901,122.03341,133.89825,88.35419,53.213753,48.40592,92.73941,49.658596,142.78531,56.283092,55.595917
2902,121.41368,134.31367,88.53854,53.69751,48.70028,91.99606,48.829037,141.50317,56.01718,55.986664
2903,121.702354,132.87369,88.46502,53.524307,48.615517,91.858154,47.945324,139.79147,55.63348,55.415924
2904,121.29715,133.44145,89.05532,53.565384,49.26415,92.008766,46.97364,138.97284,55.61513,55.86989
2905,121.47496,133.43614,89.26665,53.809277,49.644127,91.658005,46.731388,138.41023,55.81961,55.694405
2906,122.4251,133.86888,88.87658,53.711506,50.0172,92.21952,46.70895,137.82285,55.971638,55.293617
2907,123.01969,133.65967,89.16925,53.674892,50.19437,92.54573,46.130203,137.68263,56.232056,55.007656
2908,124.336845,134.31102,89.31183,53.898674,50.722675,92.516304,45.648285,136.90448,56.684357,55.336052
2909,124.96559,133.65291,89.600945,53.5636,50.922653,91.8263,46.403923,136.5891,56.783386,55.30332
2910,124.72148,132.49199,88.61674,53.508503,51.01301,90.31156,46.46243,135.78677,56.303566,55.77556
2911,124.8916,133.11,88.83418,53.639774,51.00633,88.6948,46.755524,135.09436,56.403305,55.16276
2912,124.34581,132.26028,89.10771,53.402424,50.754333,87.10224,45.908344,133.3451,56.002766,54.61869
2913,124.28375,131.7533,89.5095,53.691624,50.67709,85.955894,45.08437,132.57753,55.870007,54.484306
2914,123.5108,132.57103,89.05422,54.342724,50.40763,85.230064,44.518383,131.76779,56.057083,55.26919
2915,122.914246,131.30193,87.353065,54.434834,49.181206,85.37389,44.60946,130.54027,55.85093,55.241978
2916,122.903076,131.3719,87.3094,54.86575,49.22876,84.92454,44.357605,128.967,55.57162,56.2174
2917,123.21307,131.33571,87.37209,54.941124,48.838196,84.72874,43.706932,129.12314,55.39795,55.932056
2918,122.86062,130.05644,87.03586,54.495895,48.867207,83.934296,43.419155,128.88882,54.8128,55.944263
2919,121.66825,129.20346,86.40837,53.697372,48.457214,83.42577,43.501854,128.46036,54.316208,55.19551
2920,121.12725,128.37282,87.005066,53.255955,48.2975,83.3389,43.894493,127.24484,54.127533,54.56651
2921,121.143234,129.25969,88.54662,53.16475,48.173363,82.982285,43.469963,128.99152,54.226433,55.09664
2922,121.13295,130.70563,89.650986,53.38936,48.65389,83.24022,43.217434,130.54861,53.98196,56.64666
2923,121.007965,131.46628,90.21681,53.860218,48.5784,83.07286,43.28273,131.2215,53.87767,57.836006
2924,118.28025,132.5095,90.941826,54.33327,48.9128,82.64367,43.250565,130.41953,53.70917,58.9425
2925,116.12112,131.73361,90.88721,54.2148,48.514427,82.54753,43.15541,129.11148,52.91034,59.395504
2926,115.6757,132.81087,91.572716,53.66613,48.69025,82.79288,43.122715,129.17001,52.935112,59.61489
2927,115.27703,133.16017,88.7042,53.356556,46.85472,82.49537,42.651848,129.85825,52.763855,59.55197
2928,114.01551,135.8613,89.37218,53.382572,46.32859,82.3232,42.611557,129.55086,52.840843,60.48989
2929,112.858765,137.34117,89.256256,53.49665,46.13657,82.62945,42.542137,128.19878,52.885326,61.196247
2930,112.29719,137.24928,91.61836,53.775272,46.40877,82.262054,41.844505,126.77703,53.034637,61.74383
2931,112.977776,136.46347,91.51018,53.87736,46.43436,81.97134,41.564247,126.35624,53.383137,61.517704
2932,113.80232,135.96814,92.765816,54.032234,46.727104,82.158775,42.04193,126.018814,53.62817,61.2036
2933,114.542786,136.63062,94.2578,53.878185,46.579098,82.720856,42.125202,123.86909,53.948124,61.85688
2934,113.91479,136.71904,95.49787,53.61521,46.653126,82.683876,42.00763,121.350525,54.30464,61.755295
2935,114.151794,135.24336,96.1538,52.829945,46.99908,82.41619,41.734013,118.799255,54.522285,62.156986
2936,114.15822,134.95416,96.43513,52.39739,47.679855,82.641685,41.13519,118.43313,54.873585,61.665874
2937,114.029015,136.55557,95.902916,52.971375,48.226276,82.7612,41.200268,119.271706,54.843998,61.83693
2938,114.11322,137.84521,95.96026,53.559364,48.599247,82.97604,41.074673,119.462555,54.843792,62.38518
2939,113.570526,136.92659,96.325226,54.221497,48.324528,82.709724,41.10794,118.748535,54.571636,62.97349
2940,114.82441,135.92166,96.979225,54.887955,48.134205,83.03657,41.36846,119.04651,54.39302,63.659782
2941,118.284424,135.68948,96.516914,55.31069,48.05679,84.057465,42.02892,121.26965,54.791782,64.153656
2942,120.98434,126.15206,95.97195,55.560295,48.261513,84.52221,42.470337,120.81254,54.763508,63.49237
2943,122.18814,122.88618,97.02272,52.29907,48.06758,84.869125,42.708065,119.44625,54.881687,64.01745
2944,123.011086,122.25691,97.24752,50.77748,48.235023,84.17331,42.80145,118.06827,54.64996,64.574265
2945,124.258095,121.097,96.62528,48.767944,47.997173,84.65187,43.17385,117.5468,54.65778,65.5657
2946,124.956154,120.363434,94.83632,47.68763,47.455414,83.68206,43.09406,117.62059,55.289925,64.9217
2947,124.66599,120.54054,95.17313,47.666134,45.86581,83.396484,43.03289,117.56138,56.008812,65.18831
2948,125.009636,119.290436,94.65043,48.49553,44.811825,82.96799,43.347992,116.158226,56.511776,64.96718
2949,125.376884,120.39915,94.30871,49.038982,43.9623,83.81981,43.27654,116.68821,56.60579,65.71816
2950,124.91263,121.32736,94.39794,49.27186,44.124924,83.60147,44.50986,117.14482,56.626865,65.45973
2951,124.95415,120.6179,94.73684,49.697453,44.667267,83.80776,44.961246,120.89932,56.808334,65.17224
2952,125.47738,120.07903,94.92321,49.96256,44.78026,83.66219,44.417473,122.459694,56.97176,65.111664
2953,123.101814,122.90909,93.87815,50.540302,44.822765,84.19761,46.606705,123.782814,57.31317,65.23812
2954,122.56741,124.504395,93.72888,50.69656,44.94974,83.38093,47.661785,123.22651,56.92771,65.84881
2955,123.48785,121.208885,93.44665,51.39867,44.631607,83.42359,47.88898,122.43372,56.841114,66.87875
2956,124.10627,121.53371,92.75359,50.90834,44.849266,83.384,49.05082,121.58597,57.099342,65.73439
2957,124.30245,121.04276,92.83959,50.91896,45.056858,82.992744,49.741173,120.38909,57.065372,65.16397
2958,124.172325,119.536285,92.739456,50.529728,44.92635,82.81141,50.194763,119.59434,56.890343,64.53626
2959,125.10079,120.184616,93.42197,50.08488,45.243248,82.24466,50.615387,118.11304,56.80511,65.02947
2960,126.65505,119.83014,94.840126,50.478622,44.87458,82.2542,50.48316,117.93298,56.706707,65.6764
2961,125.79226,119.08116,95.16034,50.48111,44.64628,82.0156,50.747433,118.04024,56.538517,65.2558
2962,123.968925,118.302864,94.84578,49.893497,44.313133,82.17348,51.424118,117.17029,56.124973,64.622765
2963,122.770615,117.7908,94.01352,49.588497,43.83538,82.0127,51.877747,116.07572,55.605633,62.719425
2964,121.834465,116.55069,94.52178,49.59982,44.04264,81.63249,51.874054,115.047066,55.373478,62.500607
2965,120.03242,118.01676,93.48861,49.45241,44.152676,82.39633,51.36657,114.907814,55.71154,63.020046
2966,119.77416,118.49101,93.69091,49.730183,44.05401,81.934204,52.011864,115.39386,55.70608,63.840763
2967,120.914986,116.822075,92.85775,49.52031,44.06994,81.36323,53.177925,113.71201,54.60906,62.919636
2968,122.541405,117.68197,93.206085,49.486584,43.677242,80.776535,53.355602,114.58513,54.466824,62.720478
2969,122.01269,117.922676,92.070175,49.42083,43.066902,80.185295,54.215626,111.23082,53.09237,60.92308
2970,122.36548,116.96224,90.9382,48.938248,43.020657,80.11739,54.927372,108.92651,52.38287,60.417194
2971,123.59537,117.25119,90.31623,48.89115,43.169624,79.77883,54.13632,109.24761,52.609356,61.50849
2972,125.60566,118.97492,89.319984,48.98097,43.66779,80.19041,54.862316,111.13102,53.002853,61.80832
2973,127.00045,120.12725,89.36107,50.070866,44.077312,80.28244,53.570026,113.620544,53.76008,61.96753
2974,128.05333,121.72948,90.05998,51.38423,44.27525,80.76217,52.783337,115.793144,54.466877,62.739204
2975,127.735535,123.41925,89.86239,51.78563,44.283764,81.02614,51.55167,115.84741,54.7315,62.71172
2976,128.3124,123.844215,89.66365,51.35159,44.473072,81.08294,51.461056,115.66531,54.81299,63.245968
2977,128.31177,124.34745,98.75262,50.971455,44.91486,80.84579,52.700016,115.441734,55.67394,63.288296
2978,130.51395,123.6781,101.881645,50.161137,45.233345,81.056305,54.179176,116.3009,57.24596,62.48271
2979,129.15738,124.36399,101.99018,49.97018,45.483624,80.84322,55.46357,116.94348,57.956768,62.38499
2980,129.67792,123.79114,102.52434,50.24941,45.78946,81.26116,57.951706,118.37723,58.682907,62.127827
2981,130.89137,126.18759,104.07536,50.76014,46.683643,84.0746,60.11874,119.66411,59.060684,62.01766
2982,131.70016,127.30374,99.76047,50.833355,47.58863,85.24426,61.46757,120.369675,58.38864,61.13029
2983,130.82182,127.30957,93.6317,50.09818,48.07173,85.67222,62.296585,120.45104,58.392338,60.276737
2984,130.48358,128.83737,91.27398,50.557476,48.017776,86.02585,60.311943,120.66595,58.428173,60.759876
2985,132.64345,129.67097,90.92209,50.508366,47.27031,86.63532,60.958073,121.00273,58.603687,61.277386
2986,135.0867,130.39131,90.851204,50.842884,46.884014,86.94708,60.604267,120.54537,58.69804,61.430763
2987,136.06241,131.16905,90.844574,51.752613,46.79261,87.228004,60.79647,119.76964,59.17218,62.324215
2988,136.05151,132.21468,89.069824,51.838642,47.118515,87.849434,59.801434,118.9485,59.24407,61.95856
2989,135.60576,132.6713,88.31909,51.818893,47.41746,88.31836,58.17276,118.10996,59.090588,61.776546
2990,136.12578,133.73793,88.48588,51.6859,47.379166,87.72643,58.749718,116.709076,59.11611,61.48192
2991,135.32811,133.38669,87.12274,51.536087,47.3012,87.47507,59.23542,115.82963,59.45078,61.617546
2992,134.25832,135.0782,87.157684,52.309067,47.7129,88.09349,57.98755,114.67111,59.88858,63.249065
2993,131.74,137.0188,88.78503,52.96966,48.498173,87.76003,56.059753,113.89903,61.163857,65.53454
2994,129.89455,137.93689,87.37147,53.499588,48.69371,88.2258,55.221157,114.54538,61.346313,66.664406
2995,129.3929,135.89418,86.20741,53.78526,49.078987,88.51164,53.909454,114.93581,61.11026,68.25089
2996,129.58751,134.7692,87.83656,53.629726,49.485397,89.18045,55.76849,112.390114,61.079575,68.77083
2997,129.79387,134.71622,88.344635,54.279762,50.074387,89.76421,55.521416,107.83424,61.258797,68.5022
2998,129.88719,133.04959,88.48469,55.10918,49.908825,89.802986,55.852154,108.441216,61.20355,70.635345
2999,128.99681,133.37018,88.16205,55.68847,49.865604,89.891,56.002327,109.482086,61.306713,71.20555
3000,126.62533,134.29695,87.73556,55.63634,50.203857,90.61713,55.31613,109.7017,61.73747,71.24937
3001,124.086296,134.24678,88.14662,55.73376,50.551586,90.864494,55.075226,109.9453,61.961697,71.9291
3002,122.52498,133.41444,87.033714,55.035164,50.605865,90.41421,53.383705,108.1198,61.643135,72.870255
3003,121.15417,132.2307,85.735146,54.208477,50.474613,89.28733,52.711685,106.72237,61.658253,73.50625
3004,120.42043,130.68169,84.66883,52.8754,50.39235,88.71239,52.964428,106.20123,61.483814,74.02847
3005,120.518585,129.35149,85.387764,52.557907,50.301132,87.65691,52.258205,104.44562,61.227684,73.08169
3006,119.750496,128.9395,85.92544,51.835064,50.13101,85.971275,51.205345,105.39503,61.046097,73.182686
3007,118.90185,133.59697,84.380005,51.19494,50.2427,85.05461,51.417564,105.46906,60.790707,74.599304
3008,116.612076,133.6565,82.42569,51.506596,49.842648,84.8534,50.962715,106.21491,60.59995,74.93689
3009,116.09397,133.13454,81.50397,49.475605,50.22067,84.72146,51.861305,107.152306,60.36848,75.51683
3010,118.97162,134.11133,81.49278,48.397068,50.30575,85.33149,53.196125,108.79313,60.763004,75.678925
3011,122.347786,132.92772,82.07959,48.13101,50.824146,86.46317,52.072197,109.53438,61.03232,76.41576
3012,122.134766,134.57137,81.985535,48.247204,50.766247,87.65888,51.89422,110.76158,61.055733,79.97537
3013,123.631325,136.683,82.7402,48.867786,50.615402,86.77648,52.15255,111.50631,61.61473,81.21073
3014,125.14963,137.3914,82.95548,48.80528,50.524147,86.678474,53.097225,116.38552,62.05371,81.152115
3015,125.226456,137.01465,82.971146,48.325745,50.463337,86.54126,53.310062,120.375916,61.86586,81.806366
3016,124.23919,137.50058,81.8938,47.931526,50.501633,86.957886,52.96802,122.742935,62.30876,82.46373
3017,124.26712,136.8887,81.489845,48.18654,50.46231,87.029976,51.612953,124.31737,62.607082,81.95574
3018,125.61532,137.37022,83.13631,48.981007,50.697296,87.09884,50.396065,126.94388,62.181473,80.88979
3019,124.75708,134.96632,83.08764,49.203354,50.567516,86.358086,50.106743,126.71422,62.153637,79.65064
3020,121.818,133.75586,81.582405,48.51605,50.450096,86.051926,50.37654,126.07445,61.613182,80.62607
3021,119.58088,130.74005,79.9182,48.161396,50.34095,85.719666,49.616444,125.56327,61.293686,80.63026
3022,119.71074,130.09908,80.37473,48.014053,50.356373,86.3241,49.006485,125.59315,61.33644,80.09902
3023,121.024124,129.75865,80.39163,47.887394,50.735817,87.465546,49.217342,125.67757,61.49391,79.62696
3024,118.85624,125.96867,77.62789,48.136124,51.075134,87.24524,47.984066,124.41361,62.071815,78.86629
3025,116.329575,124.98328,75.973564,46.69187,51.66579,86.939514,47.857143,122.48736,62.811367,78.70575
3026,115.62668,124.19083,75.23711,45.93027,51.484814,86.1884,46.992767,122.110405,63.15058,78.47606
3027,115.2308,122.56129,74.3037,44.92005,51.897785,86.42357,46.23539,121.12984,62.538548,77.77438
3028,115.13929,122.12308,75.04915,45.421886,50.585957,85.79026,45.725605,121.16027,61.74913,77.18351
3029,117.91637,124.1817,76.04899,46.719707,51.100616,86.98301,46.046375,122.47855,63.045578,78.50509
3030,118.61219,122.274345,76.48536,47.60173,51.054993,87.4292,45.73597,120.891396,63.279865,79.52265
3031,116.60123,121.248024,76.45838,47.684376,51.551044,87.64717,45.202663,121.44778,63.06946,80.82315
3032,116.52446,123.341194,78.04007,48.287933,52.36052,87.66213,45.823788,121.519196,63.20472,81.31815
3033,117.230804,124.975494,78.4695,47.906673,52.8942,86.72677,46.886993,121.72356,63.157684,81.90338
3034,117.3246,126.319016,77.475655,47.866314,53.267498,85.60882,47.608818,121.39099,63.05648,84.7413
3035,115.66742,126.99731,75.00593,47.97536,53.098087,84.4422,47.503994,120.873955,62.149506,87.50571
3036,113.045204,126.02672,73.751686,47.914574,51.777016,81.91364,46.92617,118.31782,60.39377,88.872696
3037,113.59258,125.84771,75.63829,47.72669,51.2794,82.02886,47.164917,118.87264,59.536522,86.150826
3038,114.13315,125.939804,76.9805,47.109432,51.019974,82.384964,48.21415,120.30186,58.53961,86.30328
3039,111.40432,125.21922,78.28318,46.46489,50.76144,82.150185,49.777344,122.00866,58.151672,86.74717
3040,111.01416,124.91345,77.395004,45.26179,50.620518,83.13744,51.160316,121.121574,57.923122,84.751305
3041,113.566795,126.11894,79.92865,44.9212,51.18255,84.26961,51.786198,123.64127,58.644474,80.98652
3042,116.627304,127.85876,81.006966,45.631,51.078453,84.83283,52.769962,125.84737,58.768616,79.16703
3043,117.55367,128.50024,81.27067,46.527996,51.61164,86.261986,53.848843,128.10156,59.18511,79.55733
3044,118.85772,129.28009,81.83384,46.999275,51.49993,86.48488,54.50507,127.99304,60.40219,80.14855
3045,119.13132,129.18588,81.72447,47.537384,52.140587,86.75358,55.325447,127.50753,60.927097,82.88407
3046,119.09916,129.15028,82.02122,47.871906,52.779358,86.11563,54.203384,126.39465,61.181824,83.240746
3047,116.48281,128.63512,81.620964,48.05416,52.95665,85.63764,53.34423,125.540115,61.084957,83.84262
3048,115.114,129.46051,82.19544,50.009785,53.05373,86.259026,52.951073,125.08738,61.518288,84.65336
3049,115.720795,130.81459,81.73205,51.016514,53.32592,86.43956,53.211933,124.96481,62.205765,86.15343
3050,116.51721,131.7441,82.7566,51.55368,52.465126,87.00565,53.715252,125.20296,62.203415,85.19628
3051,116.09695,132.07068,83.49979,52.115467,52.210445,87.35349,53.098667,126.44259,62.150883,84.43506
3052,116.52397,131.87694,83.053734,51.641174,51.959152,88.1988,52.713497,127.84083,62.60526,84.92865
3053,116.21035,130.64648,82.389046,50.474884,52.19766,88.08372,52.39173,128.46259,62.778862,84.90794
3054,115.59836,130.65097,81.44668,49.07679,52.258858,88.0757,51.619453,129.27911,63.38771,85.41624
3055,115.4876,130.62209,82.421135,49.09074,52.63857,87.4935,51.106556,130.67975,62.997967,85.09695
3056,116.77113,129.34837,82.35413,48.311787,52.464455,88.11137,50.85445,131.66187,63.208878,84.0181
3057,117.13423,129.68205,81.80451,48.09331,53.484028,89.47001,51.57712,132.4809,63.51143,85.20969
3058,119.16648,129.1909,81.14297,47.705322,53.402607,90.75281,53.98284,132.66544,63.829666,86.14563
3059,119.97492,128.62201,80.28091,47.284966,54.11309,92.18266,55.007156,132.26472,64.391914,87.69913
3060,117.83819,127.35737,79.51804,46.53928,54.55173,93.25319,54.22221,131.15121,64.84115,85.96419
3061,115.97899,126.93202,78.15842,46.540367,54.730736,93.26085,53.578197,130.40854,65.310074,86.84474
3062,116.30944,126.811646,78.25136,46.858627,54.76034,93.40458,52.683903,131.98544,65.675644,88.098206
3063,115.17374,126.857635,78.231674,46.02732,55.031136,92.86818,53.05853,131.4963,65.86493,89.38576
3064,114.220856,126.83621,77.52252,46.367496,54.67909,92.96792,52.30537,130.37053,65.84027,90.237785
3065,114.91252,128.6057,78.456604,46.84579,55.2395,92.12547,50.446472,130.85564,65.97183,89.95658
3066,117.58295,135.16614,79.00314,47.320435,55.214054,91.30366,49.127422,131.15831,66.61315,89.75261
3067,118.804016,138.5756,79.259766,47.597927,56.133793,90.602844,48.44716,131.14076,66.971565,88.83485
3068,117.55728,138.51976,76.59772,47.196293,55.975544,89.76412,48.00452,129.73615,66.63821,87.25654
3069,116.240486,138.64067,76.41576,46.973244,55.59867,89.960106,48.3307,128.42046,66.92097,84.51637
3070,115.921585,136.68228,74.97268,45.882565,54.991688,89.69018,47.76093,126.152405,66.44098,83.81183
3071,114.55168,135.2843,74.96297,45.574356,55.092346,89.59316,47.643322,127.21871,66.399536,85.08105
3072,114.590996,135.71074,75.45028,45.959106,55.081333,90.14783,48.42545,129.80667,66.71361,87.71898
3073,112.029335,133.30994,74.08705,44.826008,55.574757,89.04256,48.437424,126.126114,66.140854,87.71129
3074,110.09461,133.3542,74.062126,44.93824,55.528084,88.09045,48.1572,124.96669,64.775665,87.84556
3075,109.609116,133.49352,73.560135,44.892147,55.5762,87.649315,48.372627,125.53157,63.749454,88.536255
3076,110.84098,136.71194,75.23521,45.76288,55.95258,87.71178,48.668644,128.0475,64.46785,91.88075
3077,111.12994,136.33282,73.91102,45.134007,56.14264,87.01665,48.287678,129.85712,64.68484,92.325874
3078,110.328804,137.60345,73.10379,45.015278,56.40329,86.09381,48.10459,127.87021,64.84486,93.45827
3079,107.16213,135.7231,72.3286,43.914772,55.915745,84.59008,47.640305,125.20911,64.8136,88.18193
3080,104.96588,130.20505,73.03245,43.81427,53.230354,84.514946,47.66672,122.98823,64.363655,86.9237
3081,104.23414,129.91016,72.384026,42.906178,52.062122,83.82048,48.620808,123.410736,64.69105,87.762665
3082,104.8386,132.17587,71.939285,43.01851,51.731037,84.72474,49.90854,124.82973,65.05398,88.37327
3083,105.845,132.81044,71.41018,43.430252,52.663635,85.351944,49.920376,124.44956,65.346,90.120804
3084,107.12451,134.539,70.868004,42.99062,53.38429,87.238785,49.670506,126.2105,66.13493,92.03461
3085,110.1186,137.65741,71.997154,44.00268,54.235638,87.54837,50.082912,126.87169,66.47839,93.245445
3086,110.99187,133.24403,70.11259,42.858063,53.503136,87.89642,49.747444,128.94304,63.67013,93.20873
3087,109.853004,130.77728,68.23353,42.664646,51.85943,88.46078,50.650528,127.50495,61.077034,92.57549
3088,110.070305,129.1646,68.66732,41.864273,51.24163,89.02141,51.84479,126.79518,60.52978,92.74204
3089,111.170944,129.48492,69.83046,41.74444,51.751186,90.385025,52.4368,128.99858,61.174362,94.66077
3090,111.417206,131.72508,70.26773,41.691673,52.506542,91.267944,52.963688,129.415,62.43818,96.52723
3091,110.85929,134.51472,70.33855,42.13257,53.49147,91.52118,53.76082,131.0906,63.855385,98.38623
3092,111.16126,136.39876,71.420265,42.7182,54.25626,91.48938,53.7699,132.47823,63.976456,98.53487
3093,112.67223,138.35657,73.37033,43.692795,54.476517,91.6207,54.068462,133.4463,63.86952,99.319084
3094,114.21927,140.27127,72.666626,44.17113,54.19723,91.04355,53.713387,133.91255,63.548317,98.568985
3095,113.43847,139.06786,72.3013,44.320084,54.303432,90.56075,53.470684,134.33553,63.712128,99.74211
3096,114.6503,139.42212,72.74906,44.708385,53.931534,90.384476,53.012836,135.22702,64.31496,99.22607
3097,114.97481,140.6219,72.45781,43.87985,54.02552,89.58696,52.826126,135.70168,64.36737,100.812065
3098,114.88499,142.583,73.07965,43.388985,53.520145,89.14,53.09352,135.80263,64.01774,100.38398
3099,113.94601,142.16402,72.965355,43.612373,53.606354,88.814476,53.501583,138.2247,63.608826,104.37179
3100,113.27463,141.23018,71.74958,42.311596,51.147396,87.73464,53.681946,135.33035,62.921535,106.01329
3101,111.60962,138.8846,70.13425,41.237335,49.43959,87.111824,52.919613,133.83327,61.450096,105.150246
3102,109.32311,136.8553,67.91049,39.949055,48.47036,85.8677,50.70378,130.61002,60.7752,103.677505
3103,105.806015,136.07246,64.88904,38.708904,47.475243,83.99926,48.339527,127.67305,61.40726,99.87297
3104,102.97133,136.06506,68.68092,38.115353,46.823368,81.72134,47.197823,125.16296,60.730877,98.0516
3105,102.84979,136.73788,69.35652,38.24216,45.760883,81.47884,47.368095,125.334236,59.741173,97.49765
3106,101.41571,136.14757,69.35577,37.756783,45.1742,81.066696,46.79196,123.46093,58.40087,94.433464
3107,100.62988,135.19586,67.57674,37.4152,45.022926,81.2033,45.999325,124.27045,58.2064,90.043976
3108,101.67906,136.34546,67.456696,37.564014,45.15997,81.01252,46.27337,127.13026,59.605095,91.999306
3109,103.50764,136.77203,67.00819,37.290333,43.11055,81.60989,47.26702,129.99689,60.474964,90.16093
3110,103.67429,138.17982,67.09622,37.358242,42.86165,81.81172,48.23396,133.49596,61.296642,88.64363
3111,105.905334,141.21558,68.90933,37.91316,42.932487,83.71897,49.76687,135.51595,62.46929,88.744675
3112,107.28248,141.9724,70.229225,38.545376,43.16758,84.64237,50.333515,137.06207,63.38272,89.897545
3113,105.84771,141.3277,69.03642,38.07685,43.47747,84.6749,50.049835,134.82204,63.023643,91.960335
3114,105.892624,140.48174,69.14492,37.71098,42.472153,85.021805,50.33643,134.53941,63.003284,91.95761
3115,106.082726,140.54565,69.346695,37.570595,42.008545,84.551315,51.33559,133.32956,63.532112,89.092476
3116,106.30821,140.32074,69.80732,36.637,41.864246,84.51008,51.799187,134.50931,64.38301,89.090034
3117,106.553024,138.76775,71.22023,36.686726,42.099983,84.331436,52.155,135.18584,64.13499,87.27784
3118,106.0993,138.51215,71.62267,36.978676,41.893864,83.86511,52.256386,135.52531,64.308945,87.09191
3119,106.251045,139.91293,71.76634,37.412613,41.71617,84.63813,52.22707,135.89452,63.57222,88.29916
3120,107.199974,140.7736,72.57381,37.67731,41.6923,84.56781,52.52228,136.00806,63.474934,88.25483
3121,107.16059,141.51404,72.09457,37.747047,41.92282,84.5364,53.066265,135.23427,63.413597,87.76254
3122,106.36059,139.57524,70.28627,37.369682,42.05153,84.32166,52.439644,135.37535,63.2982,87.30342
3123,105.82493,137.74028,70.17577,37.176617,41.977707,83.64319,51.877472,134.2267,62.963993,87.137314
3124,105.22301,139.09854,69.3979,37.486988,42.094303,83.02038,51.602528,134.91762,62.69893,85.54543
3125,106.58112,139.78201,70.78241,37.860126,41.692814,84.04895,51.549824,135.91737,62.637783,85.89905
3126,106.615845,138.5498,70.496,38.405495,41.894688,83.42526,50.60562,135.66682,62.24039,87.593895
3127,107.64415,132.93358,71.29935,39.418575,42.618916,84.910255,50.298668,136.20757,62.48549,90.896645
3128,107.34391,129.8431,71.63384,39.910057,41.924454,84.45878,50.54222,136.55702,62.11098,91.07124
3129,108.272736,127.129845,73.18103,40.296913,42.69151,85.4179,50.775784,135.13927,61.590115,90.25181
3130,108.22633,127.61882,74.26643,39.9627,42.8759,85.68786,50.910503,132.75215,61.92005,89.41924
3131,106.949005,128.2834,74.707695,39.47401,43.06782,86.079765,50.964363,132.54773,62.38302,91.022064
3132,106.684326,128.32355,73.89324,39.024807,43.758408,86.88978,50.994617,132.59453,62.68255,91.74001
3133,107.27496,128.82492,74.85282,39.47228,44.05371,86.996704,51.05592,135.31009,62.81265,92.922066
3134,107.77662,129.00793,75.73302,39.479305,43.999016,86.8828,51.069706,137.92618,63.53538,93.48627
3135,107.3457,129.88495,77.02972,38.177048,43.699917,86.673706,50.515747,140.21948,64.40464,97.81752
3136,106.802734,131.1564,76.90344,37.733494,43.841606,85.75854,50.09136,141.69426,64.87122,96.50682
3137,106.79147,132.06161,76.006714,36.42213,43.58649,85.29299,49.222935,142.8462,64.51474,95.91546
3138,107.16406,132.30098,76.37947,36.297596,44.231586,85.26629,49.06643,143.37724,64.36179,93.77128
3139,107.56927,131.66248,76.56107,35.95697,44.260826,84.90954,48.80012,144.00244,64.369545,90.12955
3140,107.54337,132.22375,76.56788,35.96746,44.075462,85.651726,48.65406,143.30556,64.13155,90.03404
3141,107.414375,133.22076,75.82979,35.559444,44.26661,85.739876,48.622307,143.22984,63.60343,90.361694
3142,106.40505,130.72792,75.736595,34.915665,44.069195,86.88692,48.706413,143.2552,63.260067,91.57912
3143,107.37639,131.44756,76.59857,35.102413,44.535606,87.02749,48.940674,143.59125,63.389927,92.84408
3144,108.20582,132.56123,76.75876,35.391445,44.9201,86.37622,48.479385,142.7308,63.30726,94.03581
3145,109.21909,133.54987,77.672554,35.718086,45.139282,86.1113,48.80538,144.27525,63.465366,94.78212
3146,109.565865,135.62396,78.14042,36.09829,45.19341,85.65671,48.60886,144.59386,64.34404,94.484795
3147,110.01911,136.83977,78.36704,36.4288,45.582577,85.86266,48.69556,144.8409,65.130745,93.52918
3148,108.88616,137.37856,78.36734,35.922325,45.52518,85.30549,49.119965,145.42569,65.24363,93.07823
3149,108.39465,138.44359,78.36723,36.043514,45.676125,84.99693,48.332222,144.39201,65.56984,94.7752
3150,107.35711,138.72603,77.699425,35.620552,45.592804,85.45434,48.26763,144.97229,65.86137,95.97264
3151,106.429596,136.60974,75.7311,34.69044,45.50206,84.76512,48.29119,143.42044,65.37213,95.74676
3152,104.54847,135.45491,75.073074,34.57911,45.54639,84.21213,47.872547,142.87378,64.99778,98.37912
3153,103.94892,133.92097,74.73219,33.96388,45.780937,83.60721,46.835747,142.75015,64.79345,99.50176
3154,103.85468,133.67714,75.674034,34.237972,46.174015,84.06746,46.861,143.58704,64.921776,101.10219
3155,101.70134,130.91695,74.42492,33.72662,46.14995,82.86007,46.22498,143.41203,63.904163,100.07017
3156,100.360825,130.99538,73.371635,33.611507,45.885258,82.71115,46.19068,143.02617,62.821922,100.94687
3157,100.57997,130.19113,73.0352,32.959045,45.541546,81.32483,45.348465,142.83151,61.99214,98.35679
3158,101.31974,129.23212,73.307304,32.20158,45.314255,80.97793,44.721043,142.47134,61.46447,97.553604
3159,102.58851,129.76381,74.36257,31.899378,45.39298,80.40227,44.798553,141.80602,61.416763,96.227036
3160,101.899086,128.62718,74.1919,31.381767,45.286125,79.96003,44.87774,141.80374,60.738705,96.70652
3161,100.86988,127.624176,73.69677,31.075466,44.97625,80.08142,45.011883,140.72903,60.60055,96.717155
3162,102.301765,128.011,73.95614,30.75914,44.98697,80.58793,45.10788,142.78741,61.35906,96.93538
3163,104.277725,128.74585,74.26221,30.681086,45.070004,81.246956,45.65224,144.17043,61.53876,96.67057
3164,105.44042,128.77783,75.470825,30.95789,45.44036,81.99445,46.531185,144.78076,61.69743,97.67614
3165,106.54407,130.83167,76.1451,31.353268,45.40355,82.99488,47.115788,144.50204,62.093613,98.32208
3166,104.958405,128.71288,76.16876,30.499441,44.113274,82.60689,46.493362,141.22165,61.087994,97.343376
3167,103.599625,128.03223,73.365845,29.90656,42.665474,81.82689,45.661373,141.11421,60.609474,98.59725
3168,103.02841,126.44515,70.931786,29.231846,42.1477,81.20911,45.229107,141.01436,59.845303,97.18429
3169,102.45333,127.37694,69.39639,28.939241,42.253616,80.970825,45.262383,140.35612,59.47953,95.49108
3170,102.02341,128.01428,69.164375,29.134708,42.866463,80.8859,45.421974,140.23692,59.005985,95.10846
3171,101.26353,127.54334,68.46989,29.178888,43.095932,79.87493,44.641815,139.4809,58.885593,94.8302
3172,100.20919,126.54081,67.54363,28.971783,43.155457,78.659035,43.92573,138.04024,58.685562,93.377975
3173,99.90355,126.01774,67.00946,28.485508,43.129227,77.82908,43.094234,136.71437,58.54256,92.70152
3174,100.02742,124.61762,65.83927,27.874905,42.23414,76.78553,43.60323,135.34291,58.197674,88.912994
3175,99.33257,123.80737,64.78833,27.35142,41.93946,75.54138,43.474113,133.40314,57.53328,86.68365
3176,98.26762,123.345116,63.240826,26.956224,41.25511,75.09599,43.34352,132.71541,56.3565,86.54137
3177,98.449356,123.41582,63.05918,27.039795,41.40173,75.955376,43.370464,135.04439,56.63959,89.20332
3178,98.494576,123.08765,62.70233,26.743626,41.346035,76.28618,43.404877,135.07233,56.3317,90.14875
3179,96.9211,120.79627,62.23507,26.27831,40.94623,76.14557,43.371098,135.48112,55.86401,90.409195
3180,97.25447,122.00574,63.241085,26.478731,41.25031,76.452095,43.701084,137.15558,55.754856,92.27929
3181,100.07624,124.90512,65.56553,26.956192,41.933235,77.58899,43.483192,140.84624,55.92933,95.49266
3182,101.29389,126.0588,66.72424,27.242727,42.53647,77.588974,43.59543,142.6692,55.849697,99.74969
3183,101.53923,123.891,66.20975,27.51154,42.867435,76.90482,43.353615,141.64882,55.154434,103.79889
3184,100.365,120.896965,64.68006,26.793385,42.910313,76.278206,42.36572,140.59656,54.743515,103.48435
3185,99.80809,119.23811,63.740738,25.801483,43.028866,76.13462,41.314823,139.71255,54.248875,101.27778
3186,99.85535,118.963806,63.501247,25.157454,43.74439,75.82216,41.160522,138.41133,54.197834,100.44708
3187,99.07075,119.00468,64.352806,25.148428,44.470737,75.19562,41.198795,136.24046,54.576763,100.21816
3188,99.62038,121.426216,65.161415,25.766836,45.334404,75.714806,42.27504,133.65154,54.88807,102.614815
3189,100.29459,121.67773,65.45525,25.936132,45.358826,75.96842,42.42323,132.10318,54.855602,101.992096
3190,101.153725,122.62751,67.32196,26.373636,44.890865,76.82113,42.541336,133.30391,55.365406,102.4416
3191,102.82582,123.6698,68.1267,26.010855,44.764233,77.4848,42.937054,135.3605,55.633125,102.60003
3192,99.80616,123.12374,67.793976,26.003473,44.55257,77.2247,42.83714,137.28548,56.19082,104.979614
3193,96.21716,127.12962,68.82098,25.994326,43.934944,76.2585,42.975883,136.06184,55.81315,104.976006
3194,95.50837,129.44994,71.773094,26.416079,44.189445,76.8618,43.899796,136.89308,56.035393,107.2619
3195,96.8127,131.93233,73.489365,26.786192,44.764214,77.24372,44.46135,138.76384,56.843895,107.97046
3196,97.82389,132.39723,73.96668,27.106028,45.476063,78.03101,45.091694,140.48524,58.348602,107.97286
3197,97.48283,134.78319,74.76584,27.16489,45.970184,79.00566,45.77325,141.06168,59.311493,108.68027
3198,96.59526,134.88014,75.32849,26.73728,45.661793,79.582184,45.676075,141.4212,59.582577,109.021355
3199,97.61714,137.42717,76.58119,27.839033,46.108288,80.3643,46.604294,145.01338,60.418938,111.502846
3200,98.629974,137.87129,77.500565,28.002556,46.00406,81.01015,46.912033,149.15056,60.91215,112.614
3201,98.5244,138.14217,77.28147,28.455524,46.100616,81.32472,47.59611,150.64487,60.793224,113.3961
3202,97.61162,137.39873,75.31605,28.193165,45.33015,81.09552,47.35038,150.16426,60.197823,112.14536
3203,96.54343,135.8282,74.54781,27.756952,45.124065,80.758194,46.59683,148.08688,59.740746,112.23706
3204,96.61447,136.40196,74.9692,27.734936,45.167458,81.32612,46.96623,147.204,59.546215,113.28312
3205,97.32652,137.1612,75.03041,28.000156,45.574024,81.6172,47.066307,148.27827,59.615906,114.74286
3206,97.86704,139.70003,74.78464,28.517668,45.90287,81.603935,47.70943,147.60873,59.809048,115.383865
3207,97.965546,138.0272,74.762794,28.263401,45.60865,82.568886,47.429035,146.45016,59.39367,112.86356
3208,100.48346,140.59505,75.48248,29.000744,44.791206,84.28204,46.97563,146.93025,59.845474,111.82379
3209,102.9152,142.16733,76.96084,29.533121,44.389618,84.28087,46.944164,146.45642,60.837933,114.72437
3210,102.18197,143.33337,77.29915,30.093016,44.13493,84.11603,48.281857,144.98097,61.39631,115.6037
3211,101.647545,143.14917,77.24648,30.609491,43.96714,84.15324,48.620827,144.17557,61.55489,116.68627
3212,101.96995,143.39342,78.00002,30.385607,43.70656,83.97599,48.59212,142.6954,61.02864,115.17284
3213,101.658066,144.66893,78.00552,30.229254,43.90439,83.51876,48.201824,144.17549,60.869144,114.61898
3214,102.15556,146.04048,78.36258,29.790686,44.04744,84.63873,48.339092,145.54547,61.44021,114.013336
3215,103.189705,146.64162,78.466,29.621628,44.472633,86.110306,48.3131,146.22209,62.24986,113.61696
3216,103.11769,147.57434,79.697586,29.706215,44.985363,87.161285,48.335537,148.10161,62.562653,115.032814
3217,104.551445,148.07909,80.437035,29.7258,45.050056,87.51405,48.636013,147.52054,62.61022,115.403175
3218,105.07105,147.80557,81.249146,29.755121,44.84985,87.75204,48.47481,148.33835,63.0372,115.67571
3219,104.601494,146.32669,80.370476,29.471836,44.98272,88.10732,49.408722,148.21222,63.128338,113.27234
3220,104.01786,145.7292,79.886795,29.240543,45.446186,87.74325,49.617195,147.49747,62.9388,112.64749
3221,105.57265,148.28737,81.18523,29.57454,46.132656,89.02688,49.756355,147.97073,63.551537,112.607254
3222,106.08978,148.72107,82.46048,29.766603,46.892605,89.51987,50.12508,148.84584,63.762646,113.20129
3223,106.34981,148.3563,82.52239,29.707493,47.479385,89.84368,50.72161,149.52922,64.6799,112.70194
3224,105.34607,147.5372,79.89007,29.975618,47.18804,90.62239,50.767216,149.29616,64.74706,110.307976
3225,102.999535,147.09474,78.41782,29.104162,46.7601,90.61809,50.261623,147.5435,64.201744,107.12654
3226,103.08668,147.41187,78.09175,28.623417,46.360023,91.55386,50.11303,148.0041,63.765213,105.60478
3227,104.656364,147.61778,78.89677,28.726303,46.693626,91.83262,50.693054,145.5265,64.11246,106.49707
3228,105.634155,146.51334,78.64149,28.50233,46.724205,91.53448,51.573944,144.16206,64.14318,106.73343
3229,106.531456,147.92177,79.60904,28.75135,46.928562,91.5634,52.084473,142.42773,64.31046,107.622635
3230,108.678566,149.82079,79.69713,28.756548,46.784855,91.20229,52.684612,140.74524,64.33735,109.52406
3231,109.17528,149.54695,80.87937,28.586643,47.049706,92.03063,53.573204,141.0411,64.39072,109.24851
3232,107.57198,143.99702,79.73318,27.984415,46.99171,91.259796,53.728943,140.05414,63.556114,108.6611
3233,105.786354,140.6429,78.76891,27.598827,46.792385,90.66858,52.82722,141.5045,63.26511,107.66227
3234,105.07573,139.07904,78.66337,27.123608,46.566418,90.72218,52.051956,141.1939,63.036358,106.85656
3235,105.02022,140.06294,79.973595,26.687948,46.478874,90.72013,51.376133,141.74379,63.035034,109.078
3236,105.866035,141.98894,80.851036,26.853098,45.851307,90.71588,51.14579,142.24934,63.73786,110.86768
3237,106.008194,141.18646,80.60595,26.47457,45.909527,90.93435,51.515438,140.8052,63.734085,109.71112
3238,105.87266,141.8021,80.31025,26.30744,46.086597,90.93521,51.18071,140.5713,63.894417,110.568405
3239,106.187515,142.27391,80.20322,26.102135,46.39933,91.26935,51.03974,140.63254,63.945705,112.03712
3240,106.0555,140.5558,79.8916,25.835043,46.173927,90.7569,50.7756,139.76942,63.78397,111.66638
3241,107.49874,140.53546,80.65251,26.098995,46.10053,91.54323,50.729675,140.11276,64.074684,111.9633
