,CL=F,BZ=F,NG=F,SI=F,HG=F,ZC=F,CT=F,LE=F,KC=F
2593,30.587778,39.015217,1.7873989,18.12974,2.4641457,323.72427,60.060455,97.519516,98.45433
2594,31.321463,39.601963,1.8101894,17.75954,2.4766574,325.1452,60.68242,97.197334,98.553116
2595,32.07224,39.847324,1.7943769,17.741127,2.5012596,327.27286,60.881935,96.83272,98.584465
2596,32.568977,40.542923,1.804476,17.63496,2.525148,327.0989,60.738136,97.16181,98.011246
2597,33.35756,40.64667,1.807014,17.707272,2.5568583,327.25885,60.575466,96.55497,97.437645
2598,34.141598,40.283787,1.8233998,17.79085,2.5681195,327.79782,60.30912,96.87849,97.023636
2599,34.260864,40.41968,1.7963182,17.756416,2.5766826,327.86017,60.03275,96.94806,96.25844
2600,34.555733,40.449947,1.7549452,17.727306,2.5809462,327.9915,59.887283,96.87481,95.52469
2601,34.79176,40.878513,1.7166922,17.710125,2.584069,328.12585,59.655888,96.54283,95.0558
2602,35.1875,40.611126,1.6595994,17.58022,2.588993,328.93524,60.54062,96.40018,95.443634
2603,35.388493,41.28539,1.6592386,17.495726,2.5982049,329.36478,60.740463,96.55353,95.11108
2604,35.642723,41.83627,1.6610056,17.603798,2.610894,330.0383,61.206062,96.40421,95.177574
2605,36.158638,42.072205,1.6682634,17.70592,2.609255,330.044,61.856937,96.2417,95.73095
2606,36.680775,42.36763,1.6637211,17.85891,2.6215165,328.0676,62.424847,96.12483,96.18926
2607,36.935028,41.802002,1.6265156,17.890036,2.6179233,327.17426,61.981205,96.0318,95.96075
2608,37.33495,41.651447,1.5703012,18.016972,2.6277444,325.90927,61.756107,96.00322,96.05887
2609,37.612434,41.651806,1.5335792,17.96632,2.6397512,324.72943,61.21916,96.23995,96.3666
2610,37.799,41.516098,1.6362327,17.901226,2.6490169,325.0916,60.71415,96.5897,97.11656
2611,38.187965,41.999054,1.6878258,18.084284,2.667185,327.70203,60.499844,95.919235,98.07667
2612,38.09426,41.937607,1.6861793,18.080736,2.683597,330.9592,61.180153,95.39769,99.83462
2613,38.291294,42.64627,1.7025528,18.16669,2.6920197,332.7999,62.024303,95.6726,101.32829
2614,38.42044,43.135227,1.7446395,18.32944,2.7057104,336.29422,62.836014,96.001526,100.785835
2615,38.613056,43.301105,1.8011632,18.363533,2.7259705,337.5003,63.070835,97.155754,101.09821
2616,38.58356,43.753593,1.8035053,18.6198,2.742612,339.37305,63.603676,97.327484,101.07656
2617,38.896343,43.36207,1.7919561,18.630697,2.7629309,341.99673,63.817585,97.67831,100.237656
2618,38.95563,43.044117,1.8101017,18.796932,2.7901413,343.22028,64.010475,98.13885,99.189445
2619,38.949253,42.87268,1.7941244,19.047316,2.8200548,341.03836,63.74681,98.681725,99.12813
2620,39.215042,42.987976,1.7792175,19.089403,2.838889,340.252,63.199493,98.715385,98.484856
2621,39.246235,43.794384,1.78832,19.25951,2.8481035,338.0651,63.058125,99.2528,98.27953
2622,39.49413,43.984,1.7809242,19.39685,2.8564882,335.50082,62.907158,100.105095,98.15861
2623,39.48796,44.244118,1.7662516,19.482271,2.8698025,334.61646,62.07326,100.43635,99.13909
2624,39.381714,44.59805,1.7264618,19.583824,2.880395,332.64685,62.65229,100.82528,99.10569
2625,39.436676,45.26407,1.6916347,20.018616,2.8965857,328.17535,62.947945,101.357475,99.433235
2626,39.74606,45.160233,1.6956676,20.675278,2.908766,328.02783,62.902714,101.55306,102.81034
2627,39.82692,44.616684,1.7374089,21.15859,2.9108837,327.78793,62.33888,101.667694,104.38278
2628,39.751316,45.133354,1.7857392,21.709066,2.9053793,326.26587,61.36499,101.3846,105.54977
2629,39.915054,44.98406,1.7747979,22.470217,2.8992312,324.1285,60.86946,101.27152,108.317055
2630,40.160526,45.010998,1.7651968,22.652956,2.8967097,323.19928,60.570404,101.19523,109.19156
2631,40.15909,44.847298,1.7870201,23.09828,2.898989,320.7213,60.594055,101.95012,110.21756
2632,40.177742,44.937187,1.7919955,23.226656,2.9037826,318.64874,61.426582,101.73047,112.91175
2633,40.089775,45.535587,1.7960272,23.540642,2.8999052,318.26224,61.584007,101.94485,115.44191
2634,40.135826,45.42535,1.8986497,23.636751,2.9024796,317.02466,62.537773,102.40111,117.31186
2635,40.173626,45.424538,2.0052512,24.084015,2.8988326,313.21466,63.164227,102.792404,119.803535
2636,40.293728,45.570595,2.058161,24.7704,2.9010162,311.4281,63.771347,102.998344,121.92385
2637,40.343884,46.104515,2.0718803,25.62125,2.9057562,311.08746,63.80421,102.686874,122.05602
2638,40.458385,46.474648,2.122845,26.07206,2.894083,309.63275,63.148827,102.44832,121.19138
2639,40.617737,46.301723,2.139961,26.906355,2.89123,309.3427,62.74251,102.66765,120.11482
2640,40.62296,46.267845,2.1577468,26.611486,2.8929324,310.11066,62.705395,102.96933,118.10703
2641,40.73478,46.50765,2.1363626,26.642454,2.8970866,308.90942,62.19339,103.73814,116.24742
2642,40.910835,46.50306,2.1574533,26.785555,2.8768353,312.3287,62.10227,104.933784,117.3458
2643,40.92408,46.879528,2.2460501,26.17173,2.8689592,316.95657,62.138226,105.814186,116.57882
2644,41.009186,46.957897,2.2812781,26.746153,2.87914,319.063,62.3382,106.41905,116.082016
2645,41.06748,47.26974,2.316234,27.164068,2.8854387,320.81387,62.49218,106.76916,118.09888
2646,41.09247,47.29811,2.3339229,27.225471,2.9234602,322.2469,62.656395,107.07168,118.48845
2647,41.152172,47.25654,2.3186204,27.319094,2.9363148,321.14,62.996292,107.18207,117.73277
2648,41.086594,47.244133,2.34037,26.938057,2.945338,323.11472,63.304,106.97679,118.74716
2649,41.147926,47.36594,2.3892543,26.728355,2.9408247,325.98206,64.1083,106.88054,119.09728
2650,41.24322,47.24917,2.3974545,26.18295,2.9483728,330.002,64.28688,106.79231,120.02305
2651,41.394825,47.318813,2.4107692,26.53007,2.9506266,332.5906,64.267365,106.6587,121.230774
2652,41.420433,47.1312,2.4678855,26.529146,2.9610074,335.94812,64.629745,106.586555,122.415375
2653,41.50658,47.462826,2.5264404,26.907267,2.967546,338.67685,64.32639,106.41734,124.20414
2654,41.587666,47.528732,2.5432017,27.570602,2.9811616,340.54858,64.314415,106.35435,126.32822
2655,41.6945,47.588074,2.4793024,27.77868,2.9893744,342.2966,64.542625,106.49885,129.52722
2656,41.73,47.357445,2.4748442,27.894737,2.9925013,345.18472,64.25487,106.44259,130.59369
2657,41.60557,47.109245,2.4647503,27.598988,2.9921286,345.47134,63.965244,106.18776,131.46262
2658,41.53508,46.525486,2.5074904,27.285358,3.0051887,346.49985,63.99807,105.96967,133.66306
2659,41.324814,45.41123,2.4500895,26.665333,3.013111,348.48676,63.791485,106.006256,134.09547
2660,41.062405,44.47698,2.4286296,26.89709,3.010892,349.71234,63.605396,105.93833,133.5789
2661,40.727207,43.852036,2.3923905,26.72985,3.0239,350.93884,63.415348,105.97219,134.14874
2662,40.48612,43.032215,2.3331635,27.058216,3.021611,354.58392,63.804134,106.17093,134.23346
2663,40.26818,42.491726,2.3126094,27.331434,3.0313754,354.96182,64.48597,106.429855,131.89975
2664,40.000214,42.302303,2.304548,27.328909,3.0360851,356.84738,64.894554,106.75586,130.03728
2665,40.1433,42.39681,2.2758389,27.332026,3.0535946,360.94766,64.8638,106.90705,127.53806
2666,40.157913,42.651062,2.180668,27.257639,3.0595942,364.13245,64.58781,107.00457,124.1076
2667,40.304268,42.90747,2.1172438,27.085672,3.0763729,367.1775,64.60662,107.22288,120.842674
2668,40.335823,42.94363,1.9885314,26.329184,3.076615,368.4987,64.0899,107.33276,117.79316
2669,40.364758,42.96291,1.9011236,26.037086,3.0669737,369.08142,64.0541,107.31175,115.50301
2670,40.337097,42.95832,1.9880494,25.154505,3.0570338,369.48907,63.975956,107.293335,113.00483
2671,40.21254,42.484623,2.0872056,24.65408,3.0401683,368.49414,63.982758,107.572945,111.59462
2672,40.183136,42.530518,2.0988953,24.179712,3.0324879,367.8476,64.45154,107.8657,112.311
2673,39.843327,42.91199,2.071199,23.943443,3.0254154,367.9686,64.507324,108.084465,110.68169
2674,39.88572,43.10422,2.2148118,24.14173,3.0244744,366.33444,64.46038,108.28622,109.16862
2675,39.578213,43.11496,2.3399675,23.845682,3.0170736,368.98047,64.50503,108.39229,109.689545
2676,39.418518,42.84176,2.393968,24.127155,3.0078306,372.6098,64.673676,108.95722,108.38984
2677,39.094074,42.601273,2.4021468,24.034048,2.98199,373.723,64.65913,109.13812,107.98704
2678,38.874836,42.243736,2.4875329,24.114239,2.9839075,374.86588,64.74963,109.2249,107.70378
2679,38.750504,42.22995,2.5120804,24.094069,2.9781628,376.90143,65.089645,109.2122,107.2098
2680,38.95254,42.307392,2.552982,24.221283,2.9921377,378.67056,65.515175,109.68464,108.30757
2681,39.297375,42.322807,2.5624838,24.365551,3.0034463,382.4352,66.01627,109.871765,109.50887
2682,39.285866,42.703453,2.6704254,24.60612,3.0285478,386.34848,66.686386,110.07037,110.12328
2683,39.543896,42.804745,2.7542927,24.824486,3.03158,387.32822,67.62231,109.91106,110.47482
2684,39.444553,43.10323,2.7783566,24.828285,3.054446,388.19983,68.20716,110.18878,111.32235
2685,39.34868,43.61595,2.6840925,25.013588,3.0553265,389.75977,68.7017,110.1117,111.480156
2686,39.696953,43.714386,2.7068696,24.749537,3.0595136,393.00006,69.061134,109.87915,111.17021
2687,39.904305,43.336155,2.7551787,24.484232,3.0826428,395.43567,69.48481,109.62384,110.237076
2688,39.658802,43.444218,2.773977,24.585115,3.0786028,397.44305,70.266235,108.7799,109.610855
2689,39.633987,43.99224,2.8428028,24.618727,3.0982826,400.53592,70.548904,108.25824,108.41725
2690,39.70363,43.865097,2.8607244,25.082733,3.1094356,404.36182,70.80751,107.59694,107.089485
2691,39.56227,43.94329,2.8833067,24.964237,3.12339,406.41562,71.43502,106.915115,107.84548
2692,39.669083,43.53883,2.9050086,25.320507,3.127322,410.85977,71.45443,106.75808,106.71022
2693,39.599976,43.216557,2.9086244,25.037346,3.124919,412.3577,71.619064,106.62055,106.66346
2694,39.41204,42.869194,2.9189155,25.008581,3.1224935,412.51447,71.77632,106.37124,107.25795
2695,39.391544,42.34605,2.8851132,24.41921,3.124142,410.9776,71.129326,106.348495,106.52692
2696,39.27194,41.466995,3.0469425,24.206059,3.1188438,408.72064,70.57039,106.41921,105.74118
2697,38.881863,40.79728,3.1381772,24.03944,3.1021302,404.65588,69.74435,106.50795,105.46713
2698,38.625748,40.46235,3.1733634,23.921902,3.0909343,403.24432,69.17358,106.63694,104.104454
2699,38.734314,40.099068,3.0966318,24.077778,3.0948014,401.50684,69.47682,106.893906,104.00656
2700,38.70472,40.044437,3.091346,24.096756,3.0932775,401.3707,69.74831,107.0374,103.58809
2701,38.928333,40.568237,3.0080874,24.63149,3.089558,402.8245,69.70177,107.46229,104.251144
2702,38.905342,40.342323,2.9652736,24.692547,3.1088815,403.2361,69.48028,107.59728,105.288284
2703,38.87337,40.58894,2.8940833,24.559011,3.1224132,402.86194,69.715485,108.41592,105.58934
2704,39.00446,41.33595,2.9333124,24.76122,3.1302447,406.68277,69.5638,109.02079,106.88445
2705,39.36771,41.43527,2.97849,24.557068,3.134847,409.47284,69.309586,109.7139,107.707596
2706,39.666138,41.85221,2.9910152,24.35641,3.1350403,408.79477,68.99342,110.28573,108.51342
2707,39.656265,42.18756,2.9560769,24.527351,3.1485498,409.15494,68.89945,110.19213,109.14517
2708,39.828194,42.51277,2.8421416,24.815193,3.1640046,411.85873,69.08007,110.636055,111.49404
2709,39.562225,43.17367,2.7536366,24.940636,3.178335,412.59677,69.106865,110.62101,113.46944
2710,39.464283,43.442905,2.7331376,24.803736,3.1860836,415.38647,69.23211,110.55183,115.948395
2711,39.4868,44.170467,2.6641243,24.66378,3.2020297,417.6805,69.49073,110.33984,118.41483
2712,39.5001,44.483192,2.6572843,24.63959,3.2155776,417.95926,70.21453,110.25792,118.57519
2713,39.557888,45.13292,2.7039738,24.211405,3.2266357,419.4486,71.17888,110.38062,118.4517
2714,39.752945,45.584576,2.7229269,24.003202,3.2371879,421.68146,71.39498,110.31489,117.50313
2715,40.113125,46.148617,2.7889931,23.88818,3.2601485,421.34912,71.142944,110.87135,117.18393
2716,40.240448,47.09525,2.7780604,23.514881,3.280877,421.88184,71.48953,111.29562,119.34217
2717,40.84358,47.393368,2.7692957,23.409956,3.3144321,421.8329,71.2091,111.25121,120.206276
2718,41.10106,47.71904,2.8343987,23.567429,3.3458195,420.3599,70.72539,111.22514,119.88316
2719,41.42189,48.012672,2.8174102,23.72173,3.3854942,419.91672,70.50449,111.13538,120.15237
2720,41.873447,48.328014,2.7185924,23.909431,3.4057636,421.9367,69.78426,110.86699,120.21565
2721,41.9241,48.463078,2.6639028,23.976425,3.435665,420.3052,69.91708,110.58663,119.10978
2722,42.17884,48.82299,2.5837238,24.30208,3.4550626,418.61414,70.25995,110.38221,118.32283
2723,42.369938,49.389675,2.5242968,24.389484,3.4748664,417.90054,70.26075,109.96771,117.77868
2724,42.745033,49.39476,2.49614,24.165775,3.4853706,419.0905,71.4067,109.67733,117.0959
2725,42.873466,49.602406,2.5118146,24.335115,3.5035753,418.03238,72.46147,109.536545,117.39591
2726,43.110664,49.543644,2.5468974,24.291103,3.5119433,419.53653,73.41105,109.58132,118.17629
2727,43.16147,49.920895,2.6107047,24.250252,3.5126061,420.08936,74.049,109.83944,120.46838
2728,43.48378,50.50326,2.6119254,24.428747,3.5203888,419.90176,74.88708,109.690605,121.3595
2729,44.07733,50.586617,2.6724575,24.594765,3.5293002,421.15234,74.88385,109.38638,122.257774
2730,44.42809,50.7049,2.6449318,25.048811,3.5396945,425.75323,75.87364,109.20659,124.4209
2731,44.69296,51.15125,2.6699636,25.286547,3.5547457,427.71643,76.48924,109.43379,124.1904
2732,44.899178,51.649136,2.6971354,25.589052,3.5677211,431.28055,75.81474,109.74091,124.42336
2733,45.10669,52.0788,2.7249606,25.740604,3.5617268,435.0185,75.443886,109.94592,125.46921
2734,45.27888,52.18511,2.690948,25.76318,3.5615685,437.1743,75.69878,110.327736,125.094025
2735,45.461643,52.24397,2.6282287,25.681173,3.5629945,440.42764,75.78694,110.76144,126.10981
2736,45.59429,52.18764,2.5033247,25.912119,3.5654635,445.92587,76.223755,111.33151,126.40412
2737,45.60871,52.352127,2.483381,26.063164,3.5728753,450.7708,76.55971,111.701096,126.21462
2738,45.570255,52.571,2.4694836,26.297613,3.5691478,457.4876,77.20262,111.9916,127.14745
2739,45.83121,52.621723,2.5141141,26.484343,3.5611064,465.80655,77.68649,112.244385,128.31322
2740,46.072563,52.47275,2.5485485,26.687834,3.554,471.51016,78.31231,112.26539,127.96269
2741,46.217346,52.650864,2.6445441,26.861097,3.5696638,476.9403,78.94201,112.792274,127.51725
2742,46.572407,53.120876,2.6581876,26.789862,3.5808823,482.93433,79.34979,113.09262,125.933266
2743,46.850407,53.77994,2.7063,26.989752,3.6024952,485.8032,79.56902,113.42832,124.52942
2744,47.197887,54.397522,2.6748102,26.376507,3.6209962,488.3787,79.80083,113.96262,124.38689
2745,47.59407,54.8395,2.715401,26.133392,3.629622,490.96735,79.9228,113.94363,123.51487
2746,48.05214,55.316483,2.726161,25.812147,3.6274898,497.66672,80.51267,113.833275,122.86388
2747,48.35211,55.7438,2.7338154,25.596342,3.636207,505.52548,80.81211,113.84181,123.60217
2748,48.577026,56.111294,2.7007885,25.82592,3.6453705,513.7748,81.06694,113.90142,124.82681
2749,48.87362,56.351257,2.720902,25.633862,3.6440272,519.2275,81.138145,113.9011,126.111824
2750,48.99983,56.420334,2.6744273,25.76944,3.6530588,521.11804,81.17891,113.842125,126.50483
2751,49.298435,56.561653,2.6222875,25.592524,3.6544628,521.3933,81.31906,113.93711,126.194
2752,49.29693,56.40851,2.5600693,25.531052,3.6506832,522.29517,81.71623,114.15314,126.56475
2753,49.48932,56.550003,2.511859,25.537994,3.657185,518.22174,81.7651,114.730385,125.35533
2754,49.453182,56.88721,2.5515473,25.489574,3.641421,516.5179,82.10638,115.02063,125.085175
2755,49.70516,56.770714,2.629466,25.654463,3.6440966,520.0733,81.72659,115.535034,124.92159
2756,49.879475,56.85008,2.6762981,25.501286,3.6363711,525.0073,81.13207,115.82477,125.04871
2757,50.018456,56.655346,2.7108128,25.84992,3.632825,526.63824,80.711945,115.80376,125.17635
2758,50.187332,56.96204,2.6144872,26.129953,3.6282809,533.2223,80.72304,115.64989,124.92438
2759,50.357464,56.908,2.7174232,27.059935,3.6212375,536.0484,80.22239,115.47763,125.1264
2760,50.776146,56.97733,2.7550619,26.78654,3.6034846,537.1774,80.40209,115.8259,124.5849
2761,51.109528,57.38935,2.7574646,27.361498,3.5917218,540.2326,80.84884,115.67752,124.29412
2762,51.63377,57.918633,2.834804,27.064898,3.5886135,546.03107,82.251114,116.139946,124.261894
2763,51.99566,58.573135,2.858014,26.829327,3.5951865,546.90924,82.43853,116.55108,124.52298
2764,52.503822,59.171707,2.8708487,26.878147,3.61753,551.2094,83.47261,116.68402,124.05459
2765,52.860336,59.685925,2.8640208,26.954254,3.6381066,554.2474,84.99003,116.988,123.20754
2766,53.20471,60.34485,2.851554,27.49097,3.6650884,549.76245,84.991745,116.87276,123.21343
2767,53.680504,60.458675,2.876576,27.449404,3.6850488,545.21,85.37547,116.60203,122.43211
2768,53.980503,60.8872,2.8933759,27.528036,3.7223973,543.29803,86.48088,116.662,121.74289
2769,54.290024,61.219524,2.987279,27.441895,3.7588007,545.83203,87.00382,116.19672,122.37903
2770,54.57641,62.070763,3.081627,27.356104,3.793613,546.3911,87.75154,116.21069,123.47565
2771,54.93862,62.687016,3.0884156,27.29915,3.8277292,550.219,88.21121,116.3284,124.76235
2772,55.10244,63.086456,3.0734508,27.245289,3.88714,548.90466,88.55002,116.505516,125.81247
2773,55.380245,63.546535,3.038472,27.54082,3.956937,546.69836,89.67685,116.37258,128.18152
2774,55.615055,64.14207,2.9705868,27.45296,3.997827,548.4552,90.71052,116.59335,131.30139
2775,56.02366,64.72975,2.909059,27.707666,4.0719166,554.0862,91.2665,116.88283,133.09038
2776,56.644165,65.34376,2.8470595,27.726345,4.135105,552.3377,90.228195,116.898315,135.34491
2777,57.144287,65.70924,2.8245804,27.60531,4.1469336,554.5251,89.22707,115.946335,136.45279
2778,57.550186,66.04689,2.8290386,27.26342,4.1531386,554.61975,89.84631,116.38501,136.89102
2779,57.642395,65.64268,2.824206,27.053764,4.1930156,554.85913,89.22774,116.44593,136.36176
2780,57.8726,65.59293,2.7887547,26.867598,4.2089524,553.1344,87.99144,116.42183,135.1998
2781,58.213486,65.61735,2.7541077,26.282745,4.1891637,551.8412,87.067604,117.14246,133.83717
2782,58.792362,66.07271,2.7152715,26.220821,4.1745405,550.41425,86.6435,117.59832,132.527
2783,59.47036,66.75818,2.693894,25.858908,4.165813,554.95447,86.67703,117.71519,131.85309
2784,60.041695,66.864876,2.681655,26.021206,4.1297827,559.16724,84.64907,117.95144,131.55635
2785,60.439377,67.42323,2.6703064,25.947454,4.1010866,556.76154,85.05105,118.363144,130.91924
2786,60.475464,67.82649,2.6789103,26.144491,4.110916,555.52527,86.13565,118.48406,131.38394
2787,60.94957,67.90506,2.6396286,26.012833,4.1162424,554.3688,87.151825,118.43472,132.09041
2788,61.229324,68.27863,2.5916407,26.257061,4.114068,550.0448,87.09584,118.57856,131.79869
2789,61.819775,68.186905,2.5712526,26.08946,4.120849,551.59784,87.1315,118.52867,132.3657
2790,62.253773,68.3652,2.5398576,26.155352,4.1213117,556.48096,86.75707,118.5832,132.70709
2791,62.216137,66.999084,2.5151067,26.263128,4.11929,552.88306,86.39819,118.75851,130.6737
2792,61.624928,66.39218,2.545764,26.251846,4.1271133,553.5556,85.71878,118.64248,129.14418
2793,61.281406,66.35054,2.5753574,26.191778,4.150125,553.60205,85.18526,118.85406,129.86647
2794,61.29289,65.49426,2.5653229,26.160557,4.1639156,550.4059,84.50994,118.638916,128.91165
2795,61.285507,64.84765,2.5463307,25.911985,4.151833,548.8713,83.870766,118.65703,128.30717
2796,61.279064,63.685833,2.551939,25.6182,4.127847,550.3106,81.3979,118.60599,128.6319
2797,61.05756,63.66026,2.5740108,25.408865,4.1246166,549.2265,81.00711,119.433586,128.99384
2798,61.083477,63.89365,2.5953095,25.252123,4.0930324,549.6142,81.134445,119.19449,128.87006
2799,60.82046,63.589943,2.6183162,25.022871,4.0569396,546.5383,80.49646,119.53278,127.08803
2800,61.24455,63.901756,2.6201816,25.028824,4.059795,550.5398,80.42672,119.86663,126.5175
2801,61.348904,63.42858,2.6494963,24.938145,4.052555,551.0992,79.93864,120.19358,125.12037
2802,61.6994,63.317936,2.6099772,24.891962,4.0541673,553.2133,79.18679,120.27414,123.706024
2803,61.37222,62.592457,2.5608652,25.08791,4.069876,553.44617,78.89558,120.54069,124.93163
2804,61.15797,62.006355,2.5585604,25.196215,4.096742,556.09985,78.40385,120.91525,125.72968
2805,60.5416,63.05221,2.548512,25.485577,4.097653,562.02203,79.94296,121.634575,126.365524
2806,60.689537,62.70014,2.5492961,25.419706,4.0817895,566.82904,81.49312,121.62749,126.99213
2807,60.54649,62.57592,2.5681453,25.376429,4.1048503,568.1859,80.624886,122.12497,127.646645
2808,59.966698,62.383244,2.5976853,25.437176,4.1068735,571.57446,81.24364,122.69346,128.62654
2809,60.174362,63.25389,2.630533,25.467087,4.119893,578.6247,83.006584,122.79709,129.85329
2810,59.868286,64.06457,2.6288793,25.606743,4.1308427,582.54803,83.803604,122.535065,130.4723
2811,60.01988,64.26004,2.64369,25.873283,4.1552305,585.7243,83.7704,122.42865,130.67395
2812,60.208584,64.78884,2.6891694,25.968874,4.178777,588.8037,83.680244,122.24254,131.14238
2813,60.35558,65.10307,2.7144778,26.156708,4.1870527,591.8436,84.392494,122.08675,131.82385
2814,60.21423,64.983475,2.7063432,26.254827,4.214091,602.39307,84.38598,121.598404,132.29929
2815,60.332508,65.56267,2.7317636,26.252491,4.249946,619.12573,84.28761,121.2106,133.27391
2816,60.030266,65.337296,2.738515,26.289757,4.274718,631.3708,85.43077,120.88083,135.26416
2817,59.981457,66.4763,2.7527773,26.411932,4.3246665,647.8412,86.8379,120.513214,138.04677
2818,60.395428,66.09507,2.8009677,26.497108,4.4020443,662.95844,88.5794,119.99071,140.25458
2819,60.205315,66.240776,2.8374243,26.278917,4.492386,672.4522,88.519135,119.91084,142.4604
2820,60.193733,66.861725,2.855067,26.281116,4.503013,684.9029,87.47868,119.75053,143.24533
2821,60.61376,67.305756,2.8823814,26.290268,4.517223,702.3983,87.30307,119.056274,142.25621
2822,60.564934,67.50538,2.9071865,26.503584,4.553289,712.6805,87.423454,118.53536,141.79797
2823,60.94239,67.552734,2.9333775,26.38127,4.5762324,724.4372,86.47764,117.55416,141.2197
2824,61.419674,67.71889,2.9260726,26.500244,4.593164,733.18274,86.2016,116.93977,143.67422
2825,61.637684,68.03426,2.9236803,26.815287,4.6336412,743.8904,87.5986,116.58868,147.2669
2826,61.89827,68.24771,2.933641,26.972956,4.6473384,750.8054,88.60681,116.565735,149.70517
2827,62.11795,68.28209,2.9378,27.090767,4.701679,750.1275,88.519295,116.92256,150.24298
2828,62.129776,68.71812,2.9472058,27.316078,4.7001176,755.03235,88.55159,117.038925,150.55206
2829,62.33674,69.06675,2.9476645,27.39555,4.7206335,755.1385,88.49219,117.16027,149.7137
2830,62.6394,68.75422,2.9553225,27.35673,4.7505016,742.89355,87.03332,116.75168,148.52397
2831,62.512524,68.84626,2.9449625,27.305391,4.7633905,727.74133,84.767555,116.48665,147.35797
2832,62.612988,69.24762,2.9956474,27.604063,4.784342,704.8601,83.732834,116.26857,147.41502
2833,62.571857,69.112076,2.9927554,27.705097,4.808198,683.38,83.65345,116.01292,148.72212
2834,62.80545,68.66207,2.9753675,27.899845,4.7839947,670.42236,83.16099,116.14879,149.77089
2835,62.70195,67.85731,2.9569194,28.152,4.755873,665.98035,82.13726,116.219215,151.17775
2836,62.729053,67.75761,2.9323869,27.965801,4.69707,659.37036,82.66407,116.440735,151.39581
2837,62.815804,67.87778,2.9172199,27.95307,4.6587186,655.41644,83.13851,116.60314,151.05705
2838,63.09404,67.93671,2.9045572,27.833826,4.6370826,642.7796,82.917885,116.79307,151.12572
2839,63.374626,68.38209,2.9267752,27.832264,4.6367164,626.8409,82.83683,117.03505,152.83145
2840,63.693886,68.78844,2.9453337,27.98073,4.637235,632.8209,82.55363,116.74615,153.94804
2841,63.93783,69.24649,2.9602563,28.020708,4.6314983,633.60815,83.035965,116.79388,156.7218
2842,63.98105,69.19922,3.0027373,28.027658,4.637377,643.2623,83.33851,116.03275,158.578
2843,64.23737,69.6254,3.0235288,28.237947,4.6413755,654.9638,83.30598,116.047485,160.17055
2844,64.453156,70.36119,3.0195167,28.00567,4.6114497,656.36237,83.693794,115.60941,160.57643
2845,65.04746,70.53604,3.0484622,28.010366,4.596673,659.0442,85.16652,115.71614,161.19612
2846,65.294525,70.635056,3.0656967,27.90994,4.6108913,663.3837,84.879364,116.37565,161.76793
2847,65.410645,70.90033,3.089682,27.833164,4.651907,663.2899,84.8847,116.426575,161.41954
2848,65.70303,71.55607,3.1090958,27.902807,4.6275415,669.784,86.1488,116.70557,160.62666
2849,65.82859,72.05168,3.120397,28.069586,4.6046576,685.60956,86.99384,116.86711,160.44337
2850,65.95523,71.952286,3.193359,28.147108,4.5870357,688.3261,86.808105,117.405464,159.9902
2851,66.15793,72.383125,3.2463107,28.215752,4.563662,685.7094,86.071304,117.6254,158.2334
2852,66.62079,72.62219,3.245869,28.165895,4.5256734,681.9747,86.16141,117.840996,157.17186
2853,66.93869,73.09491,3.2287261,28.212313,4.4797974,675.7565,85.73284,118.64112,155.9424
2854,67.25481,72.86362,3.2472053,27.490206,4.4560666,666.027,84.664246,118.755226,153.41743
2855,67.23085,73.01774,3.2440765,27.1904,4.3996124,661.0693,84.23542,119.31909,152.33618
2856,67.397385,73.64537,3.23585,26.777245,4.338745,671.3753,84.63781,119.71419,152.22307
2857,68.187706,74.06727,3.2281811,26.41588,4.316758,671.9541,84.37893,120.418,151.51097
2858,68.70908,74.06058,3.273542,26.437378,4.305744,665.244,85.13741,120.89432,151.81776
2859,69.00983,74.431885,3.332609,26.39411,4.280631,664.54205,85.44646,121.07683,151.83807
2860,69.11279,75.1668,3.3719964,26.473715,4.3018875,653.304,86.06224,121.28439,153.86246
2861,69.45409,75.37573,3.4619112,26.36315,4.2826786,654.6249,86.60213,121.182556,156.41138
2862,69.64957,75.34231,3.5083919,26.204247,4.3080697,670.94385,86.56741,121.71852,157.47684
2863,70.00537,75.28337,3.5395217,26.249365,4.3085446,690.6429,85.54207,121.52839,158.59143
2864,70.34706,75.39605,3.5767312,26.196756,4.299174,696.7165,85.24386,121.919334,158.72754
2865,70.7251,75.73443,3.6073217,26.232428,4.3083286,701.6069,85.71422,122.01675,157.09712
2866,71.07036,75.42168,3.6085026,26.272133,4.2987986,684.5968,85.79636,122.504776,154.48254
2867,71.208885,75.127106,3.6095586,26.426058,4.3148146,672.0691,86.36473,122.08364,153.32668
2868,71.23829,75.035416,3.628963,26.420511,4.321982,660.3525,86.55883,121.52189,153.6403
2869,71.27984,74.99109,3.6447837,26.413475,4.325555,651.9175,87.229,121.35386,153.23451
2870,71.55534,74.93164,3.6698935,26.35187,4.348368,654.91547,88.037094,121.23038,153.85762
2871,71.7652,74.915085,3.6725724,26.361385,4.343357,663.4186,88.40214,121.08645,153.9859
2872,72.19228,75.157196,3.6596613,26.352776,4.3494463,670.5373,89.72234,121.289055,155.86212
2873,72.30762,74.83497,3.6464312,26.344336,4.339551,640.74304,89.980865,121.40948,155.98431
2874,72.07887,74.303604,3.6544762,26.268208,4.3542233,607.4048,90.29669,121.54146,157.95341
2875,71.631905,73.42525,3.685717,26.022232,4.33124,587.688,89.04007,121.07988,157.99486
2876,71.35203,72.67125,3.7467356,25.892242,4.322669,576.39246,88.959694,120.939804,160.38863
2877,71.00377,72.11783,3.812769,25.72819,4.3130445,567.6053,88.89625,120.58051,165.74933
2878,70.95802,71.960785,3.8716466,25.59674,4.3435793,577.1816,89.49733,120.6548,175.13449
2879,71.31424,71.94108,3.9342556,25.531704,4.3636594,564.5803,89.7407,120.738396,180.16415
2880,71.122406,72.310425,3.9721437,25.584362,4.421678,552.2394,90.29352,121.03459,189.08865
2881,71.26305,72.92727,3.9704876,25.358223,4.4643116,544.8416,90.742516,121.46137,194.44418
2882,71.21368,73.278366,3.9819748,25.320284,4.4711657,541.59235,90.9219,121.79824,197.54906
2883,71.1644,73.56951,4.016393,25.366873,4.4941683,534.0118,90.75288,122.12173,199.3277
2884,71.26272,74.31877,3.9805593,25.308088,4.5028725,538.263,90.27953,122.13364,195.45052
2885,71.95657,73.77263,3.9497564,25.442455,4.515363,538.5364,90.40558,122.28031,190.07986
2886,71.92066,73.18279,3.9583333,25.60909,4.50962,548.9585,90.17404,122.33229,185.33505
2887,71.3541,72.38205,4.0246677,25.613546,4.5103693,542.9182,90.17686,122.584175,185.30731
2888,70.93784,72.07246,4.0704803,25.571566,4.484612,541.0404,90.66422,122.561935,182.6152
2889,70.33889,71.86476,4.0682383,25.238493,4.4574747,537.64197,91.362175,122.758675,182.27443
2890,70.01606,71.45273,4.066534,24.887524,4.433884,540.13824,91.586655,122.90632,181.99184
2891,69.770744,71.21776,4.0715737,24.51289,4.394244,550.3892,91.81725,122.88307,183.4973
2892,69.324196,70.78161,4.069169,24.172762,4.385704,555.91864,92.45928,123.20471,182.44717
2893,69.17011,70.7819,4.011831,23.803337,4.362993,559.61224,92.66251,123.47086,182.98398
2894,69.13647,70.70919,3.95204,23.946905,4.369199,558.09576,94.00793,123.41219,182.04283
2895,68.78486,69.62167,3.940351,23.992956,4.3767314,561.7146,94.127144,123.38829,180.6273
2896,68.56349,69.97136,3.897223,23.954662,4.350684,556.256,95.04434,123.321594,180.2259
2897,68.67047,69.235954,3.8620384,23.871635,4.2997565,564.879,95.57416,123.495995,180.71262
2898,68.45373,68.58967,3.827411,23.84144,4.274747,563.03503,94.342026,123.42527,178.2438
2899,68.07831,67.72016,3.8327248,23.65639,4.23517,559.50824,94.36254,123.79716,179.00714
2900,67.66027,67.48733,3.878278,23.570368,4.228437,554.1801,94.230804,124.221085,180.77687
2901,66.90162,68.42647,3.8636281,23.688444,4.2528725,548.71674,95.04707,124.45682,181.95737
2902,66.89248,69.08053,3.8620257,23.796955,4.2496324,546.3653,95.258385,124.460785,183.97226
2903,67.17348,69.25576,3.970093,23.944157,4.239002,548.8743,95.450554,124.47335,185.6163
2904,66.93442,69.933266,4.1195874,24.121273,4.2358327,551.9401,95.79865,124.03679,187.8051
2905,67.039505,70.670135,4.1978474,24.039125,4.261871,549.7332,95.90236,123.216805,193.14546
2906,66.80006,71.16711,4.2545557,24.021194,4.292292,543.7684,94.82858,122.5828,194.13652
2907,66.71541,70.89876,4.3559375,24.075663,4.3044677,533.5601,94.46575,122.737915,195.38632
2908,66.84084,71.54278,4.461286,23.998417,4.324451,529.5305,94.4404,122.9001,194.58777
2909,67.27171,71.3414,4.553658,24.278526,4.3536816,522.9856,95.02375,123.290405,194.88861
2910,67.21214,71.2853,4.5368576,24.290718,4.356688,514.2846,94.97401,123.88801,194.4864
2911,66.959435,71.737976,4.6675735,24.294315,4.3444858,509.99603,94.99602,123.32678,192.73506
2912,66.91792,72.268105,4.7832994,24.516531,4.335754,505.6284,94.77552,123.13818,191.51353
2913,66.662254,72.718285,4.816746,24.376478,4.359212,502.29413,95.08902,123.05337,189.86258
2914,66.76999,72.799324,4.905421,24.207253,4.3743734,499.10526,94.82244,122.94257,188.51949
2915,66.64576,72.65653,4.996675,24.103752,4.3697186,497.01804,94.59398,122.731865,187.31934
2916,66.95464,73.253555,5.1200085,24.013214,4.38278,504.73102,94.847336,122.70333,187.51465
2917,67.28885,73.61678,5.1795597,23.691147,4.377256,511.40216,94.27837,122.94748,187.54976
2918,67.64035,73.822525,5.11521,23.385796,4.3434963,515.9082,93.76578,122.870186,187.84303
2919,67.801216,73.77272,5.0295625,23.10251,4.307826,516.855,92.16769,122.87081,186.85182
2920,67.88271,74.31869,4.9587994,22.850164,4.2913475,518.7836,91.637436,122.9983,186.1591
2921,68.29159,75.1278,4.8722997,22.824644,4.28316,518.27924,91.66055,123.0257,185.75806
2922,68.62671,75.502846,4.918417,22.770788,4.297115,522.0976,92.17553,123.03894,187.01306
2923,68.91937,75.86167,4.9783263,22.823135,4.3014207,525.9831,94.35384,122.37649,189.43816
2924,69.05789,76.8213,5.196101,22.804813,4.282706,530.6422,96.75617,122.23108,191.95232
2925,69.612816,77.45186,5.432798,22.720682,4.2840323,532.38574,98.67224,122.00966,193.99854
2926,69.904144,77.82641,5.4141607,22.368307,4.2513256,534.3923,101.04903,122.11892,194.38857
2927,70.25999,77.60808,5.530434,22.419584,4.229651,535.78033,103.9637,121.05558,195.63802
2928,70.53852,78.08701,5.5290575,22.367035,4.22839,536.9093,104.56996,121.272675,198.45682
2929,70.92212,78.62216,5.605303,22.311945,4.232439,538.74744,105.33343,121.70468,200.09433
2930,71.633125,79.14027,5.83633,22.567175,4.2584434,540.48694,107.031235,121.937874,198.5405
2931,72.21144,79.36714,5.8069534,22.72492,4.244285,540.2857,108.540924,121.94258,197.63907
2932,72.61869,79.75335,5.7066174,22.782911,4.226895,541.1618,110.05972,122.3563,199.30356
2933,73.00877,80.54223,5.6611514,22.716658,4.2558365,538.07166,110.41624,122.786026,200.37639
2934,73.50281,81.092476,5.4668193,22.785603,4.2728877,535.7093,111.09736,123.108665,201.83823
2935,73.966835,81.46052,5.4209843,22.74514,4.3082848,530.34735,109.63707,123.02464,206.48744
2936,74.486046,81.944565,5.468933,22.922754,4.3366294,526.0867,107.54667,123.57451,209.05301
2937,75.141106,82.262405,5.478405,23.037537,4.410662,521.5075,106.889336,124.44639,209.32112
2938,75.548294,82.60629,5.524391,23.187702,4.5056,523.13245,107.061325,124.824776,208.51813
2939,75.93669,82.55076,5.19779,23.431702,4.564245,524.9737,107.0272,124.99236,207.92206
2940,76.22033,83.0534,5.04838,23.66699,4.605336,524.55756,107.72616,125.04749,206.40332
2941,76.86222,83.506485,5.0634313,23.895056,4.680453,528.2675,109.23516,125.289825,206.22623
2942,77.61943,83.92705,4.9594226,23.95289,4.702792,529.6218,107.65638,125.32229,206.84146
2943,78.12583,84.02911,5.0518227,24.19698,4.725224,530.3069,108.264366,125.1224,204.988
2944,78.64271,84.307785,5.3659043,24.310457,4.7129416,533.9074,108.36355,125.2471,204.87103
2945,78.88159,84.73349,5.51274,24.309364,4.711372,537.2587,108.59301,125.231125,206.40472
2946,79.42142,84.93877,5.748446,24.365377,4.6638746,540.7797,109.93678,125.25901,205.541
2947,79.63095,84.58433,5.765802,24.32107,4.5906463,548.06866,111.93524,125.18118,204.4051
2948,80.00783,84.40323,5.522614,24.2895,4.541822,553.73267,113.4622,125.611496,205.06491
2949,80.43901,84.47623,5.3464494,24.256147,4.4807734,562.2114,116.951515,125.59843,205.76581
2950,80.969315,84.389305,5.3437586,24.136576,4.463059,565.3476,118.768745,126.28706,207.1738
2951,81.1316,83.87953,5.3785057,23.95662,4.436372,565.1581,119.292,127.276024,209.06645
2952,81.14764,83.122154,5.5451155,23.915379,4.3940606,563.1173,118.91286,127.984276,209.7344
2953,81.07232,82.83841,5.4801526,23.906967,4.390866,561.5096,118.76404,128.65054,207.70998
2954,81.03369,82.6872,5.452361,24.120941,4.403972,559.25336,118.217995,129.32933,206.49106
2955,81.433495,82.493225,5.1605444,24.21187,4.3924747,559.72473,119.06824,129.99602,207.45128
2956,81.66872,82.03581,4.8681602,24.49016,4.3879747,561.8935,118.68349,130.23756,206.91641
2957,81.798904,82.40939,4.890653,24.73064,4.3936653,564.643,119.61345,130.48268,208.0566
2958,81.97618,82.24267,4.823725,24.877861,4.4189305,567.4973,118.80925,131.18784,212.85262
2959,81.79577,81.79312,4.909848,25.06658,4.4400973,569.4469,118.75439,131.32274,217.83298
2960,81.65716,81.77558,5.0133257,25.065804,4.4164743,571.0005,118.49956,131.36063,220.12424
2961,81.43222,81.448135,4.845091,25.17473,4.4138656,570.995,119.63593,131.59595,224.65384
2962,81.3237,81.10987,4.7184353,25.11759,4.3909893,572.0742,118.58117,131.95432,228.41235
2963,81.08458,80.540794,4.7755513,25.059324,4.3834147,571.9644,119.385185,132.45097,230.86852
2964,80.72174,79.67846,4.7373238,24.944544,4.384225,572.91437,119.20312,132.76196,232.59709
2965,80.20074,80.16635,4.7690477,24.586473,4.395053,573.5699,119.8733,132.97186,236.66463
2966,79.672104,80.22904,4.857914,24.365961,4.4199414,576.0501,120.027885,133.74074,240.83174
2967,79.75779,78.91207,5.026907,23.875698,4.412987,577.4065,119.23359,134.58139,242.4494
2968,78.66478,77.42567,5.020621,23.550472,4.390126,577.7344,118.29742,134.84055,242.1311
2969,78.118385,75.56372,4.723158,23.333553,4.3952627,574.71216,116.22346,135.09384,239.89131
2970,76.97093,73.87586,4.4830375,23.10591,4.378689,572.6413,112.83344,135.35432,239.10077
2971,76.14488,71.27081,4.199278,22.898474,4.353435,573.7798,111.57134,135.80302,239.15343
2972,74.69082,70.58094,4.0466185,22.780169,4.3579097,577.8518,110.393196,136.30362,242.30466
2973,74.62437,70.405174,3.8538404,22.678637,4.3525,579.1125,111.12984,136.64282,243.99356
2974,74.64203,70.86526,3.8119564,22.661661,4.3408184,580.8115,111.74,137.32439,245.96527
2975,74.318016,71.20858,3.8069003,22.619358,4.363784,582.6359,112.00512,137.49042,245.51022
2976,74.35135,71.81012,3.7865689,22.447458,4.354639,582.9177,110.020584,137.3709,244.82385
2977,73.58771,72.20808,3.7172954,22.413122,4.3421607,584.3574,108.540794,137.46655,241.2017
2978,73.45234,73.01648,3.6366894,22.402643,4.347974,585.26843,107.70768,137.23827,239.34589
2979,73.25378,71.88471,3.6238554,22.31132,4.3388777,585.04645,106.80764,137.2148,238.16077
2980,73.35128,70.94726,3.6928272,22.118565,4.3328624,583.9719,106.11649,136.87149,239.21169
2981,72.40954,71.03734,3.6795564,22.327597,4.309735,586.0685,108.02351,136.49062,237.74863
2982,72.3576,71.75141,3.6500683,22.344755,4.3167276,587.6994,107.85353,135.85342,237.20395
2983,71.554726,71.421776,3.7135203,22.358614,4.311325,586.1328,107.11845,135.5809,233.05453
2984,70.57002,72.012,3.7369962,22.589735,4.311829,589.5593,107.77128,135.52461,231.95714
2985,70.46306,73.10854,3.85539,22.710712,4.3378353,591.5895,108.17213,135.52022,232.37178
2986,70.164825,73.68086,3.7398596,22.741695,4.3599343,595.16425,109.151436,135.5862,232.83096
2987,70.05468,73.69514,3.8136234,22.868992,4.385655,601.5762,110.75394,135.83807,230.7757
2988,70.06902,74.72371,3.8637493,23.04729,4.423664,602.813,111.21069,136.18542,229.6136
2989,70.71702,75.23857,3.9969146,23.053692,4.4127655,602.25244,112.19929,136.44751,230.40822
2990,70.973885,76.1629,3.7759707,23.104933,4.424145,599.94006,113.29726,136.63556,229.49858
2991,71.79451,76.40917,3.7630124,23.183336,4.449908,596.6092,113.35845,136.88162,228.20343
2992,71.93233,76.891884,3.7537868,23.10731,4.4572544,592.80566,112.934845,137.20638,228.39453
2993,72.04685,78.53631,3.7035697,23.237356,4.477684,598.1599,115.46167,137.28467,229.85641
2994,72.72641,79.39328,3.7711596,23.164167,4.4883947,598.3191,115.64292,137.40341,230.84743
2995,73.06606,79.54838,3.7704115,22.895994,4.468997,599.39514,115.712715,137.51118,232.72487
2996,73.245026,79.84238,3.8443418,22.850227,4.464505,600.51025,115.73848,137.62352,235.02544
2997,73.21471,80.45464,3.9115617,22.747976,4.442316,599.17865,115.828026,137.45444,235.70401
2998,73.40296,80.7824,4.007571,22.74493,4.4347897,596.9175,116.165306,137.59663,237.46855
2999,73.75776,81.17905,4.314489,22.873526,4.446925,597.3405,116.914406,137.38466,239.7197
3000,74.53993,81.59504,4.3101473,23.019547,4.4874454,594.1391,117.10135,137.44855,240.95064
3001,75.338264,82.54041,4.2354093,23.115026,4.47384,594.6922,118.90783,137.4395,241.24854
3002,75.82208,83.21619,4.265622,23.287218,4.465541,595.43463,120.13799,137.45456,241.57875
3003,76.50333,83.99495,4.1463294,23.532648,4.4869184,599.54266,122.0764,137.40277,243.86865
3004,77.46305,84.8885,3.9582188,23.808372,4.5038443,601.6425,122.89286,137.45222,245.73071
3005,78.02698,85.61533,3.9823563,23.932789,4.5273843,605.0794,122.83954,137.5266,243.94884
3006,78.750824,86.287415,3.9823172,24.101376,4.53457,607.65326,121.89804,137.15387,241.06023
3007,79.304794,86.45023,4.056837,24.156507,4.5153475,612.811,121.88604,137.33403,241.70654
3008,79.453636,87.021645,4.04708,24.025362,4.5233502,616.3751,122.350624,137.52731,241.69118
3009,79.95934,87.65371,4.76548,23.604488,4.511973,620.1643,122.42184,137.50415,239.47035
3010,80.74333,87.90176,4.702155,23.371542,4.4780054,625.9316,123.40169,137.95224,238.52725
3011,81.00249,88.40472,4.6439548,23.178795,4.441721,624.83234,125.70103,138.4375,237.99936
3012,81.660736,88.8289,4.6430464,22.967203,4.433231,628.1829,127.539314,138.66046,239.08232
3013,82.33228,89.017456,4.9009137,22.823013,4.448589,628.5401,127.75599,139.13295,238.91644
3014,82.71416,89.39793,4.796151,22.84006,4.4697475,624.4389,128.27551,139.61562,240.93738
3015,83.677315,90.2816,4.611157,22.88168,4.4729295,623.3109,128.0989,140.0055,242.30151
3016,84.69531,90.50587,4.3468513,22.889803,4.477053,627.7408,127.48904,140.19101,242.64261
3017,85.28486,90.50913,4.3972087,22.917313,4.4673104,628.2561,128.0853,140.69353,245.47125
3018,85.83082,90.83426,4.0584254,23.069561,4.4955854,634.4473,127.139336,140.9342,251.3394
3019,86.34461,90.772644,3.8907313,23.288057,4.5482087,638.37384,126.85349,141.16637,253.37427
3020,86.57982,91.27391,3.7883947,23.391268,4.5848393,641.2462,126.604065,141.44707,253.61263
3021,87.23278,91.840836,3.8967347,23.550274,4.593352,645.05304,125.55409,141.79347,254.20868
3022,88.0839,92.30797,4.0783567,23.50057,4.5952344,645.96014,124.7047,142.04118,254.96712
3023,88.66705,92.76593,4.2372284,23.702581,4.5830812,643.94324,123.848656,142.16928,255.23712
3024,89.11378,92.841225,4.219177,23.749138,4.5800056,648.43756,123.351845,142.54016,254.79915
3025,88.99979,92.64957,4.165491,23.830273,4.592015,648.70526,123.291306,142.59525,254.08954
3026,88.9999,92.80175,4.214459,23.983065,4.581452,657.7595,123.09024,142.68808,253.37117
3027,89.16061,93.47006,4.36256,24.123215,4.5611773,665.19543,122.83435,142.50642,253.0572
3028,90.11726,94.416306,4.276722,24.275085,4.5659676,673.55896,122.86078,141.99017,249.5947
3029,90.687225,94.67733,4.2504463,24.299122,4.5523696,670.5033,122.57781,141.37065,247.15143
3030,90.89408,95.3644,4.098612,24.379515,4.5275984,678.49005,122.995384,141.16109,243.62825
3031,91.29092,96.807175,4.4876885,24.700436,4.5168066,697.94995,124.985504,140.9767,242.08615
3032,92.42274,98.69129,4.4173017,24.706713,4.553297,713.48083,123.70467,140.74962,238.49084
3033,94.25097,100.53174,4.5446467,25.033365,4.6226645,727.79767,124.00307,140.5592,234.92961
3034,95.78048,102.850235,4.4520154,25.397982,4.6938567,740.3178,123.19031,140.04457,231.19463
3035,97.88118,105.51707,4.6605186,25.458143,4.7339463,746.36066,122.08555,139.53574,228.70694
3036,99.45621,109.1317,4.447779,25.746294,4.753136,747.56635,122.279884,139.3845,230.58028
3037,101.90253,110.58193,4.497627,25.794733,4.745031,746.4221,122.26776,139.0301,231.6631
3038,101.87381,111.01833,4.3755927,26.067175,4.743666,752.0739,120.236275,138.46962,229.83914
3039,102.17431,110.7146,4.5233903,26.055382,4.7371235,752.7948,120.899155,138.34906,227.16266
3040,102.73631,111.628265,4.5938153,25.705492,4.733274,748.2109,120.31361,138.37224,226.40102
3041,103.2118,108.90388,4.57608,25.605486,4.7104096,753.025,119.37563,138.3935,222.6781
3042,101.84449,107.244965,4.615162,25.402588,4.6525073,747.37335,119.74573,138.60564,221.38087
3043,101.11462,106.0119,4.754326,25.423124,4.673701,743.0452,120.91761,139.00684,220.45963
3044,101.29501,106.77321,4.7206736,25.191074,4.6611757,741.96625,123.59943,139.23755,221.1022
3045,101.26918,107.01875,4.815318,25.293188,4.666348,745.3328,127.462555,139.32849,224.07613
3046,103.07379,109.55338,4.9532824,25.363667,4.6803203,747.3309,128.57506,139.25862,225.79124
3047,104.483116,110.5578,5.0715685,25.212332,4.707826,752.4864,130.2435,139.33131,226.47511
3048,106.81522,113.48671,5.1364174,25.383219,4.7498918,751.52655,130.87743,139.43791,225.20538
3049,107.3112,114.49088,5.21532,25.315348,4.752266,748.4289,133.8698,139.68213,226.03548
3050,109.49025,114.11549,5.3054934,25.391636,4.7614217,742.01715,136.2212,139.78972,223.77594
3051,109.8917,114.384834,5.3275123,25.275576,4.7785053,734.905,137.53639,139.8731,221.77765
3052,110.33431,115.07766,5.3831162,25.338827,4.7825265,728.4048,138.62811,139.94983,221.66718
3053,110.19786,113.33261,5.4317904,25.187805,4.7970667,737.80994,138.9893,140.12769,225.09723
3054,109.31523,111.79138,5.5094647,25.032412,4.8069577,730.10583,137.54059,140.06412,226.59581
3055,108.299126,112.435074,5.5282636,25.05411,4.803146,735.7107,138.62677,139.34334,228.87358
3056,106.871864,112.203064,5.7178817,24.905327,4.817017,739.4369,138.35883,138.70956,231.6206
3057,106.428825,109.88215,5.8269424,24.890415,4.7960815,740.22894,137.58095,138.5411,230.63525
3058,103.80967,106.05626,5.9075627,24.716967,4.766198,742.263,136.6208,138.56212,231.01039
3059,103.60835,105.40386,5.938936,24.818518,4.7712255,753.85284,135.53145,138.36143,232.09215
3060,103.62585,103.487404,6.1247783,24.88844,4.756878,755.72003,135.48071,138.28603,234.08232
3061,103.64713,101.267654,6.3038263,25.218906,4.7479978,762.17694,136.73439,138.86267,234.65184
3062,103.50638,100.73272,6.5092554,25.424608,4.7615967,768.58673,140.10138,139.26135,233.28055
3063,104.362595,104.20731,6.7489877,25.653355,4.773657,774.2645,141.89294,139.31479,231.47581
3064,105.611534,107.17501,7.018206,25.97704,4.7808533,789.5373,144.7788,139.43843,229.58214
3065,105.80918,108.23785,7.0646553,25.889381,4.788628,789.85406,143.42717,139.65314,227.55975
3066,105.95701,108.48406,6.9926386,25.806372,4.7672606,801.7769,142.81458,139.95145,225.45856
3067,104.4257,109.57055,6.920116,25.45745,4.7515235,802.5378,141.6853,140.3857,226.81651
3068,103.80852,109.49895,6.719525,25.259922,4.7469754,796.02344,141.42038,140.53996,227.48074
3069,103.576195,108.08554,6.6394024,24.833279,4.6831613,798.7685,142.10286,140.3935,226.00534
3070,102.778656,104.750336,6.6449227,24.533161,4.6283183,799.7685,143.35959,140.57083,224.76205
3071,102.19807,104.25588,6.8928566,24.15765,4.6068006,801.7609,145.46016,140.03288,223.14354
3072,102.14789,105.03803,6.917929,23.863043,4.5682006,806.3035,150.67209,139.73085,221.43117
3073,102.103584,104.47903,6.9293394,23.710285,4.5283866,810.4863,152.74376,140.11673,221.27275
3074,101.28442,106.2817,7.0216126,23.460993,4.475704,808.4349,155.63992,139.10695,221.5788
3075,102.573654,106.680824,7.32828,23.215727,4.4028416,805.8728,156.38637,138.56436,220.97487
3076,102.0942,107.06393,7.649628,22.951544,4.379152,802.2687,157.92522,137.78963,220.92862
3077,102.42607,107.18894,8.083095,22.812626,4.36009,797.14325,155.77324,136.72212,220.55412
3078,103.55812,107.84654,8.123599,22.736862,4.3292418,796.4586,152.43698,135.71898,219.18118
3079,104.03075,107.86727,7.60969,22.551064,4.295921,787.63934,147.98598,135.52109,215.48288
3080,103.75525,107.48247,7.4718614,22.367933,4.2692285,784.15,146.25005,135.02696,212.1481
3081,104.17336,107.27801,7.4301047,22.175528,4.239112,786.86664,144.02042,134.27162,215.07106
3082,104.2298,107.00959,7.5330563,21.8508,4.223532,788.01746,145.49574,133.57083,215.85287
3083,104.05875,108.694695,7.4675107,21.658842,4.2027526,786.2603,145.60449,133.51659,216.19522
3084,104.950745,110.40353,7.7162027,21.604713,4.2031817,790.93304,149.11479,133.06232,219.61487
3085,105.32711,108.967285,7.8452654,21.639278,4.2202797,792.2999,149.69296,133.02296,222.67123
3086,105.8639,110.113174,8.003947,21.634592,4.2172174,785.8376,148.16678,132.69644,223.729
3087,105.98178,109.51014,7.9578195,21.9269,4.212036,783.6835,148.33626,132.26903,223.12134
3088,106.26365,109.542046,7.9017277,21.936861,4.2426624,777.8611,146.07736,131.95326,221.54913
3089,106.698395,110.2798,8.091575,21.977055,4.251977,775.4053,143.51805,131.8487,220.45877
3090,107.738686,110.49949,8.254244,22.018919,4.2810864,769.3244,142.86766,131.86943,219.03944
3091,107.73129,111.139984,8.431896,22.08749,4.285571,768.46027,142.9678,131.8595,219.16074
3092,108.74726,112.02794,8.364322,22.066387,4.3045645,767.0344,142.63776,131.93947,223.32643
3093,109.426605,113.1801,8.548831,22.206446,4.3147173,765.09906,140.76675,131.49207,224.37096
3094,108.896324,115.02655,8.370698,22.106152,4.3386636,760.3855,141.62251,131.70284,228.2893
3095,109.45966,115.93736,8.429058,22.15978,4.3378844,748.033,139.47586,131.50516,234.3381
3096,109.917076,116.05501,8.265676,22.214634,4.3925424,739.816,140.52266,131.8877,236.5368
3097,110.995,116.68027,8.23328,22.117727,4.4277444,732.58466,140.0132,131.7823,235.46448
3098,112.01577,117.336845,8.576749,22.146696,4.4436164,732.6931,138.85672,132.08318,237.65257
3099,112.6476,116.80726,8.898884,22.20096,4.45112,740.00195,139.12323,132.37083,237.60432
3100,112.82279,117.57534,8.834395,22.155272,4.4722424,743.84357,139.7192,132.80016,236.79141
3101,114.0474,119.03426,8.516494,22.108334,4.47367,752.40106,142.72453,133.2273,235.71268
3102,115.35884,119.19819,8.339552,22.206715,4.453203,757.7109,143.54341,134.43468,235.0789
3103,116.09592,119.67021,8.2337885,21.960379,4.4338064,761.6225,145.82353,134.23712,233.29233
3104,117.169785,121.01321,7.7328944,21.764252,4.3779845,762.66205,145.24324,134.5815,232.08698
3105,116.81823,120.844,7.3853,21.700188,4.3524795,766.4073,145.3632,134.94182,231.076
3106,116.24833,121.01668,7.330828,21.707115,4.3100924,770.0673,144.30086,135.40233,232.21945
3107,116.54538,119.58461,6.92203,21.638195,4.233556,776.5568,145.35135,135.93863,231.39465
3108,116.179985,118.27875,6.5892806,21.79918,4.1775537,771.7501,144.16089,136.39017,232.73195
3109,115.853775,117.2124,6.615445,21.72316,4.1221876,769.4969,144.76842,136.19179,234.98627
3110,115.010574,116.101715,6.1404686,21.642313,4.053662,765.4628,141.8065,136.2032,234.48386
3111,114.6579,115.154205,5.914036,21.475695,3.9673605,755.14606,125.12403,135.81146,233.37726
3112,113.93968,115.29213,5.8511004,21.339737,3.9238732,751.871,113.232185,135.65149,231.6395
3113,114.57712,116.01065,5.911998,21.14612,3.8722656,756.08795,105.198364,135.6278,228.47432
3114,114.83736,116.49751,5.9409623,21.1114,3.8378935,760.4767,102.94775,136.02554,230.3122
3115,114.7426,114.98012,5.550787,20.918463,3.813548,756.6019,101.256,136.05818,232.59613
3116,114.195496,115.62374,5.330537,20.680853,3.7627258,755.9531,102.09875,135.39145,231.54466
3117,114.16908,113.16317,5.145983,20.336046,3.7006588,748.3718,100.97747,135.12495,230.12083
3118,113.31218,110.70076,4.95023,20.016031,3.6449053,741.8951,98.18607,135.40143,228.66248
3119,111.93553,108.422585,5.2780323,19.707523,3.5976474,742.44666,97.78625,135.0146,227.85625
3120,111.67379,106.95468,5.506934,19.529915,3.5728922,751.74023,98.56779,134.45732,226.67628
3121,111.25024,107.00979,5.7346377,19.458462,3.539623,763.3936,100.48093,135.11467,223.92767
3122,110.475006,105.20272,5.748332,19.4052,3.473196,752.85785,100.15758,135.31544,219.96735
3123,109.01593,103.77047,5.8686814,19.446407,3.4203136,746.24475,98.821465,135.3462,218.18697
3124,106.9856,102.67455,5.884626,19.121807,3.3555815,727.49615,96.120575,135.39044,212.47311
3125,105.51653,101.96767,6.3069468,19.086988,3.3093169,681.71454,95.44494,135.5538,210.18921
3126,104.706085,101.61211,6.4236,19.012352,3.306357,654.568,98.006714,135.44905,211.65807
3127,104.576996,100.87351,6.6784267,18.90925,3.2974417,634.8861,98.20707,135.337,215.37975
3128,105.2928,101.77325,6.860791,18.873156,3.2921267,619.0477,102.14323,135.46173,217.72536
3129,105.03747,100.89082,7.144065,18.94564,3.28705,599.5852,101.485405,135.42616,217.30156
3130,104.00621,100.71911,7.4658837,18.93088,3.2995715,591.3219,100.922424,135.71577,215.03416
3131,102.652336,102.95156,7.7660336,18.838053,3.2877412,579.1032,97.64036,136.08018,213.95706
3132,101.991356,103.45079,8.1939335,18.830952,3.2988834,577.1365,98.62715,136.14801,213.33838
3133,101.5405,105.07741,8.117185,18.802343,3.3486905,575.3203,99.03811,136.507,216.40382
3134,101.228294,104.30432,8.011741,19.042355,3.3797123,584.44354,98.52553,136.57994,218.36237
3135,100.93099,104.93613,7.876492,19.3229,3.4327626,592.6597,100.679504,136.47382,218.1406
3136,100.1322,104.68063,8.003076,19.652111,3.4620616,591.4587,99.68236,136.74805,218.91492
3137,98.86617,103.11106,7.7536707,19.938984,3.4874425,591.71716,99.934814,136.61636,217.93578
3138,97.68552,101.73767,7.701676,20.06023,3.4865818,588.4534,98.939186,136.62259,216.8715
3139,97.06859,100.530045,7.785688,20.10171,3.4854574,585.49115,99.1359,136.64438,218.57986
3140,97.00133,99.0102,7.7372694,19.966095,3.520419,591.00244,100.23104,137.15727,217.27533
3141,96.39109,98.10364,7.6539783,20.186695,3.5579696,593.42004,101.38973,137.39897,215.9788
3142,96.27699,96.42467,7.612933,20.176077,3.5742934,600.2922,102.45099,137.54637,216.91298
3143,94.94987,97.74018,7.820631,20.40155,3.5774112,613.40356,104.510445,137.98463,218.39273
3144,94.54119,97.510544,8.081917,20.56321,3.6153686,617.37427,107.0466,138.65373,220.11635
3145,94.712074,98.413216,8.358658,20.626598,3.6228466,619.1239,109.38219,138.84964,223.97949
3146,94.80743,97.309425,8.476725,20.567043,3.6246836,627.0153,113.21373,138.77193,226.03342
3147,94.45294,97.1864,8.696219,20.383839,3.638718,625.7023,116.17082,139.18987,224.41937
3148,93.165596,96.28184,8.863915,20.232937,3.6666687,625.04083,117.0417,139.53378,223.6311
3149,92.708176,95.25682,9.001536,19.951712,3.6603293,633.9246,116.42214,139.71115,221.89296
3150,91.715515,94.91161,9.0205765,19.737839,3.6719615,634.4561,116.82754,140.05171,220.85478
3151,91.89182,95.073944,9.215135,19.517904,3.6799765,636.4042,116.420586,140.33632,221.06221
3152,91.8285,95.11245,9.17575,19.495848,3.6722064,644.8269,115.9274,140.43115,226.12363
3153,91.9177,96.47596,9.091708,19.348047,3.6698613,648.27246,117.01743,140.47238,232.62093
3154,91.8792,97.78166,9.03985,19.265993,3.6708665,651.9606,117.07416,140.49327,237.31377
3155,91.43524,98.764885,9.019351,19.220892,3.684127,655.9427,119.0276,140.24959,240.73787
3156,91.201775,99.08703,8.90883,18.981972,3.6893737,663.3278,120.24399,140.39388,241.83882
3157,91.65693,99.74795,8.752782,18.802017,3.6757445,666.0414,118.75803,140.61833,241.79211
3158,91.732285,98.34299,8.739524,18.42992,3.6448996,666.3,118.272385,140.56772,242.26956
3159,90.98843,96.72288,8.659549,18.269823,3.6117125,665.6502,116.104385,140.94669,240.593
3160,90.56433,96.01498,8.573202,18.161337,3.562237,666.3993,112.15249,141.50098,239.28238
3161,90.35018,95.09461,8.251572,18.109833,3.5430627,668.41986,109.17662,141.92009,238.26962
3162,89.45566,94.90451,8.000206,18.179054,3.5247936,671.19763,106.86791,142.217,235.9688
3163,88.982414,93.74525,7.675984,18.279463,3.509271,670.34216,106.231674,142.57123,232.45709
3164,88.56262,93.559616,7.6555467,18.46289,3.5251694,676.0241,106.976036,143.07439,232.66823
3165,88.105774,93.68992,7.589401,18.78611,3.5425608,685.5745,108.41304,143.42969,232.08008
3166,88.00508,93.45381,7.74181,18.97496,3.5441267,692.9793,107.519226,143.82819,229.74829
3167,87.82321,92.149574,8.258362,19.154848,3.5456803,697.38995,107.68626,144.11955,225.94688
3168,87.949455,92.924545,8.144745,19.316328,3.5526648,692.1232,106.646675,144.35149,224.1114
3169,88.13087,92.72134,7.7000427,19.27548,3.5589895,683.6379,104.4519,144.68604,221.16058
3170,88.369606,91.522675,7.4223857,19.33772,3.5789793,679.3846,101.5254,145.00902,221.51833
3171,87.718605,91.031296,7.335522,19.25632,3.5797157,681.869,97.52434,145.2729,223.39381
3172,87.82501,91.22793,7.262692,19.469332,3.5833132,682.85364,96.49231,145.41106,223.8275
3173,87.141075,91.47498,7.067287,19.483757,3.5696874,682.06006,96.608215,145.51675,223.46295
3174,86.382256,90.15546,6.6877966,19.36644,3.5392509,677.4442,95.55766,145.34569,222.80536
3175,85.660614,88.68087,6.5779486,19.228085,3.4897196,671.24524,93.29582,144.93661,224.34195
3176,84.2213,88.31384,6.326196,18.962755,3.4566882,664.4728,92.06829,144.60825,223.73778
3177,83.24582,88.450714,6.2050834,18.851196,3.4276361,663.36316,91.73317,144.33823,226.08603
3178,83.090546,87.49447,6.31269,18.630869,3.4151323,663.5238,89.945274,144.45682,227.2734
3179,82.8003,86.27561,6.240565,18.789421,3.413194,665.94403,91.011345,144.10907,226.52528
3180,82.39662,86.90395,6.1662736,19.338436,3.4129574,668.8656,91.19419,144.20401,224.71494
3181,82.99367,87.562874,6.226465,19.7965,3.4221392,676.1429,93.83316,144.27914,223.66801
3182,83.20372,87.435394,6.2571588,20.020561,3.4551787,673.4809,92.77737,144.47632,224.68475
3183,83.18041,89.52804,6.349361,20.363369,3.477405,672.0003,92.05913,144.63455,223.27898
3184,83.83361,91.46488,6.2974677,20.327747,3.4819164,672.6935,91.79973,144.71881,223.19728
3185,84.77864,92.78316,6.208825,20.077505,3.4972541,678.41003,90.29827,144.72714,221.72165
3186,85.2661,93.18792,6.17468,19.851051,3.5074081,683.24835,89.71754,144.97064,221.45055
3187,85.31951,92.9457,6.144501,19.565138,3.5025163,688.0424,87.678925,145.1133,218.30946
3188,84.37183,92.99396,6.165674,19.427296,3.4937637,690.0305,86.8419,145.17851,214.12442
3189,84.42406,93.52024,6.2861543,19.063848,3.4787765,687.4959,84.745125,145.51666,208.7423
3190,84.16638,92.7108,6.0865483,19.155704,3.473365,685.1115,83.98137,146.12631,205.11292
3191,83.85897,91.52624,5.7999125,19.01897,3.461463,681.5897,83.048775,146.49837,201.8683
3192,83.448906,91.56947,5.4589667,18.845978,3.4468012,682.26227,81.29211,146.98515,199.21793
3193,83.481346,91.70576,5.134166,18.849215,3.4415781,684.3276,79.421715,147.6051,197.22206
3194,82.98201,92.15231,4.9759207,18.836348,3.457944,685.2796,78.40397,147.99382,194.37296
3195,83.00847,91.97981,4.9767776,18.89558,3.4658127,684.54944,77.8923,148.38312,193.9279
3196,83.3598,92.41024,5.133383,19.0375,3.4524367,684.14667,77.34937,148.75735,191.6969
3197,83.84762,92.958244,5.213665,19.251047,3.4819083,681.66144,77.91756,149.0758,188.03864
3198,84.62159,93.80852,4.989341,19.511381,3.5268767,679.8021,75.57445,149.17882,184.84633
3199,85.15525,93.66749,5.158624,19.459738,3.5383828,681.3663,74.93947,149.41087,180.20474
3200,85.61235,94.52078,5.5394793,19.417685,3.5338976,683.5351,73.68789,149.05937,179.70639
3201,85.72973,94.99042,5.586764,19.515162,3.5343275,687.5467,73.505585,149.6439,178.47853
3202,86.20292,94.99371,5.680349,19.541468,3.5440378,688.50684,76.03997,149.82803,179.51617
3203,86.37212,94.572624,5.730207,19.46117,3.5336552,683.5304,78.8686,150.15117,177.5261
3204,86.55022,95.404236,5.9220057,19.899853,3.5563397,680.87384,83.58664,150.45792,178.62239
3205,86.55209,95.93205,6.273459,20.086695,3.5721405,678.24725,84.93692,151.19041,177.25244
3206,86.94959,95.85463,6.1877537,20.527563,3.588503,672.3871,86.833916,151.1051,174.00906
3207,86.99213,94.90742,5.8769717,20.82918,3.6268744,670.5216,86.67593,151.18697,171.28683
3208,86.18203,94.48376,5.9216094,21.155731,3.6656754,666.54767,86.195625,151.6173,171.76305
3209,86.17723,94.298386,5.743353,21.309727,3.7183652,661.3197,86.83143,151.54552,172.60475
3210,86.24837,94.31782,5.7622924,21.480724,3.7718842,660.17847,85.8122,151.33499,170.26874
3211,86.196846,93.59472,5.790651,21.59426,3.8269482,661.2311,86.74622,151.62338,167.75523
3212,86.15721,93.96954,5.799468,21.642754,3.8188303,660.37714,87.52667,151.5279,164.08812
3213,86.431366,93.21614,6.0524907,21.55059,3.8278885,662.1823,87.08031,151.62967,161.48334
3214,85.808685,92.53809,5.961016,21.362795,3.8030665,663.7254,86.44289,152.19142,157.84935
3215,84.750786,91.211754,6.1434317,21.223146,3.7742815,662.5926,83.78525,152.62347,158.22847
3216,84.44778,90.82175,6.3031116,21.143404,3.755694,661.00024,83.46495,152.92622,159.14058
3217,84.16261,90.114975,6.551989,21.190798,3.7013214,661.6582,83.591515,153.04216,159.87859
3218,84.23749,88.29496,6.7722573,21.137802,3.6986787,662.1086,81.88515,153.2694,161.281
3219,83.67697,86.738235,6.808113,21.092937,3.68781,663.1421,80.62268,152.86867,162.42706
3220,82.89313,85.43756,6.791632,21.209553,3.6410356,663.15485,80.84152,153.02618,164.06627
3221,82.497375,85.44206,6.78105,21.19776,3.634919,664.3255,82.86111,152.6044,165.6586
3222,82.22967,85.52452,6.7452564,21.589096,3.6693785,658.86774,83.63828,152.8509,165.55481
3223,82.51002,84.82328,6.487708,21.896938,3.7168589,650.93555,83.75625,152.92802,164.90414
3224,82.41867,84.566956,6.0885334,22.072796,3.7385108,643.2624,84.692314,153.34915,164.32278
3225,82.038704,83.04231,5.679044,22.326574,3.7695892,637.1694,85.531815,153.11911,163.80513
3226,80.88379,81.48895,5.578233,22.440678,3.8317976,633.7197,84.1487,153.01314,162.51341
3227,79.61898,79.54896,5.6015315,22.470652,3.8457446,633.1152,82.863655,153.28043,162.40486
3228,78.623344,78.45285,5.860102,22.632484,3.850021,633.91565,81.751854,153.095,161.1166
3229,77.839226,77.85665,6.0240617,22.845806,3.8747065,635.12646,81.05021,153.1406,164.04608
3230,77.75846,76.7898,6.2882013,23.1982,3.875309,636.6635,81.1445,153.48033,164.66798
3231,77.24971,77.48471,6.2347355,23.44609,3.8862143,635.58014,81.445915,153.60658,167.68547
3232,76.85178,78.30477,6.3333936,23.279547,3.8752997,640.332,81.41155,153.47122,169.39177
3233,76.17974,78.832825,6.360704,23.456081,3.8545759,644.0474,81.50723,153.65378,167.87794
3234,75.67203,79.03045,6.1123977,23.262964,3.8340766,645.3624,83.00126,153.99149,167.30739
3235,75.57533,78.731094,5.724404,23.485924,3.8164573,646.7171,84.94851,154.0229,168.32814
3236,75.62852,78.92189,5.4802403,23.477016,3.8067534,649.9984,86.804726,154.4948,168.77663
3237,76.06088,78.32135,5.2132316,23.62162,3.8143466,651.0376,85.723785,154.67548,169.35518
3238,76.02033,78.866135,5.01294,23.863293,3.8199992,653.312,85.01892,154.84053,170.49652
3239,76.01463,80.24345,5.046404,23.88635,3.81746,659.522,85.033676,155.06474,170.51166
3240,75.778725,81.469925,4.8698287,23.720043,3.8290155,666.2039,84.12108,155.40889,171.79195
3241,75.81019,82.35803,4.567731,23.877274,3.8286896,669.4868,83.24807,155.76686,171.18112
